id,prices
2591820310,355173
7974200820,847540
7701450110,1037529
9522300010,1637571
9510861140,753925
1761300310,231204
7732410120,794492
7010701383,664643
291310170,447989
4232901990,619503
6840701125,640148
3971700580,377418
4202400078,244047
6064800090,375470
2626119028,242423
3303980660,1049897
862000020,910910
2386000070,1027255
1138000450,362764
1775800420,476516
2291401425,390174
2025770560,901533
3525069037,613451
9324800450,516029
8080400136,578209
8651540040,532969
9407001790,246924
1773101530,205877
9432900250,321965
1794500695,637370
2220069003,330897
923000120,462622
5728000060,562125
16000200,236304
1926059094,446627
6672900220,975101
3629860060,770927
1822069109,403097
6675500105,377120
249000180,1793211
226059065,501497
396100110,281381
9264450460,324099
7853361210,388459
9474700020,321172
421000455,251707
3755200220,397135
7960100075,489266
9477100490,390281
9138100350,912058
1624049275,520875
2770606890,527557
1157200189,348043
2770601800,588896
9301300805,596941
2325069032,1115948
1021079099,304232
7215730040,753478
1853200080,364076
3224600340,701137
3222049120,383037
2113700025,323755
7893207925,222444
3586501085,595040
8024200010,383596
7116500705,188444
1598600209,308980
7204200025,770825
4206901505,575330
2937300440,865450
7205000180,358728
8718500665,353404
5318101765,898250
4122700020,998642
8078700020,517567
3303980680,897073
8924100372,1133078
2781270210,221527
519000043,614381
3225069301,1425188
151000075,853337
2297400020,424044
6617500085,607388
104510180,240541
3528900060,1008039
3345100286,521455
1226039130,423633
8712100720,833435
3037200010,448642
3626039268,419288
104510230,239330
5112800060,403042
6072400280,631318
5317100570,1163163
9528102993,492766
2919201095,499059
6181400920,250216
185000161,249705
8691400010,764733
3345700165,543083
6151800486,255565
4340000080,1354385
4136960010,606290
3634100030,388640
1624059224,975044
2788400090,249125
9828200762,489067
7524400250,574513
3528000290,691369
5700003630,1887356
2720069019,300999
7227501170,237328
2397101270,659963
6792100090,698131
2770602265,515820
3971700937,285716
422049203,211028
3076500830,249453
1423400260,306173
9161100795,442578
3126049052,478010
5100401468,365770
514500235,434522
1423200170,186193
1402100070,373956
624110020,688115
2407000145,216955
1890000225,847630
1320069271,329123
5490700085,369407
263000155,452091
3726800201,370026
5153200358,285614
2725079018,683423
7165700200,300060
9429000170,557747
8718500075,375687
1760650950,300837
1068000559,1207780
4113800500,645376
4077800507,522464
2725069150,707223
4008400035,604716
7016310270,436353
1432701230,234467
3278606050,368915
2473350710,394202
2185000685,210654
7792000025,359524
6868200029,484871
624069003,696663
7431500280,847028
3296000040,518519
1118001215,1585521
6453900040,628920
333100209,693785
34001765,532436
8946700100,359074
5561401210,532728
6671900095,393137
3275850020,620771
3876300600,412646
1450900020,259611
8562780280,387774
7663700973,365459
2126049032,361835
1823059159,191269
3438503426,300489
9297301495,496976
7140700850,382082
7942601805,655495
2555900030,339728
2887970040,261423
7419700010,575252
2239000011,345683
9283800050,364437
9407001340,265952
217500140,490609
7212660520,239542
3298201170,360450
3057000400,349384
6865200444,513320
6071600340,507281
6821600005,649580
1235100371,724006
7796450340,359976
3603000410,154921
9297300255,525561
9126100850,546189
2770601462,513674
2599001500,223646
1102000095,775316
1853080640,958675
9551201585,799844
3438500796,309318
7518504291,579829
9269200340,416030
715010130,1501726
1982201485,582085
9526500080,386691
9277200180,468590
6669150280,295437
8917100153,594220
3760500516,1052567
2725069050,892486
3332000091,364458
8562770080,605211
8151601190,295265
8563040160,589310
240000269,549616
4307350200,308034
1311910300,256914
3574900030,510342
7853230570,427732
320069049,375296
9839301060,672318
7011201333,704165
2781320100,256334
3421069120,415536
7852030320,503721
5316101075,2174689
5309100750,559446
629000730,759594
511700170,297613
1562100030,518260
2489200230,535937
524069116,528527
5315100737,1013210
1868900675,869097
1608000120,346759
705700240,378730
7575600610,263704
1778500015,771007
5423500240,212766
6713700025,359874
2734100734,354685
301402280,218241
2113700205,296437
4114601570,3162389
3332000615,339947
3630050180,361574
6852700520,599997
6870310010,655817
6163900981,319838
393000142,415356
1771100130,318034
1442860160,402132
9191200435,603178
6788200800,919024
1115300070,649200
3176600105,759174
2770604665,622142
5469500580,403973
5680000545,502040
3424089119,613912
1328300180,326865
1773100922,382322
4123830480,312780
9808610190,954048
4250200140,272928
4217402115,4081274
3831250350,373446
2397101055,819560
6817850110,788260
7526800200,641011
7853370100,627376
2523089025,970107
9476200680,266574
5714200140,410577
3575304895,518637
263000018,451210
8080400177,512651
6450304130,348145
514500090,610886
9477000300,492089
853600310,1316969
1951600240,190111
1099900120,359615
5323100120,635608
1223089016,416586
522059172,261894
1930300190,761782
9542840410,301000
8665050530,494388
5592900205,375655
5450300010,696304
2459960030,343086
3331500455,605970
3432500705,406048
3702900165,360951
5249803550,573888
626049058,423358
1788900380,193867
8075400360,247032
9113200250,675600
2738640040,632317
7821200307,531542
3530440140,236388
3582700130,435996
9276200569,730933
7197800020,568898
686200490,548613
3501600100,393119
6383000690,607887
7604400150,345421
5249801411,707040
2607720420,447476
9561100010,383777
1796370590,272115
4077800593,418695
854000165,248933
5536100010,720099
4188000670,774908
31000165,1329720
662350050,919619
4137000280,296428
6169901130,1052283
1953400510,250259
7518506716,995994
1552520010,377163
7955080270,334343
9212900100,516270
3438500798,319338
7899800890,257852
4319200605,447918
1329300480,378897
8935100100,906156
5016001260,393352
4337600280,297702
1446401220,200025
7135521530,645093
6888900115,243077
2413301070,284541
345700040,291065
5566100145,455920
7634800070,362610
9346910500,634361
3529300060,311225
8128600060,927722
8572900275,256738
4139420590,1328133
9274200322,631035
1472700200,619933
8820903380,610670
8563010130,828516
8965450110,785926
9274204230,519005
8165501700,346220
2193340260,499455
1860600290,953967
1222000055,244716
2492200280,422853
2488200455,447367
809001520,1060929
1796361140,266804
6398000011,752375
6813600365,551363
7504100920,720439
8835770330,679598
524059322,925441
4307330280,408471
1245002952,1065790
2021069059,245441
5700000595,658316
3629970930,727609
3336002215,280759
5100401060,619900
3278600750,296577
1126069045,1078543
7568700175,314087
452001475,511829
9283800230,508390
1737300130,492433
6189600040,528487
3679400025,477238
1096100010,311001
9513900050,242630
5452800645,709041
273800100,242282
7228500037,509342
808300090,468090
2493200215,596130
5035300255,692663
3380900160,401379
3630000130,427105
7300400670,301228
6798100070,356097
8078400010,575212
5566100060,477925
2768200212,549319
4035900060,536861
9460000110,323234
7199320190,572278
2225039081,497708
9512200050,584186
2634500085,367858
3654800200,273790
2724079090,1247008
2597520720,882008
3034200426,355633
984000130,298290
7852020670,438756
7923500060,652913
2310030510,295888
2205500540,505888
2493200015,452463
7853361420,562793
5652600605,517383
5285200020,323864
9406530150,379009
5706300020,493316
3278602490,447520
7197000100,482494
4447300008,590297
7899800045,259070
9250900095,348851
9268851740,582573
8682261440,504543
7284900385,992745
8079040300,429006
2225300585,415699
3223039013,377653
2013801350,301491
4055701110,770201
3578401770,417269
4046500720,519566
6145601745,380975
5207200195,687378
1972201856,588683
7212680080,250826
7277100510,679521
522079022,514541
5605000440,834980
6632300230,351644
8815400165,623693
6708200320,511615
2426059076,579289
3260200200,565284
2770601741,484431
4338800500,271544
9201000320,699592
7655900038,325288
3625059140,563188
4222310010,205647
2114700115,335161
3291800710,325801
9406590010,402435
3025059124,2434825
7972601250,394506
930000470,988303
6690500060,562617
16000015,207513
5693501102,613696
8079040490,479815
7225000155,336232
8819900170,767003
7972601270,314964
1224069074,821480
5126900321,352697
3438501860,301646
2822069080,432951
1656600310,561268
3856900507,1187802
1626069139,450932
2524049257,1297303
3904960150,543857
7214820610,425161
7977201845,595109
2428100080,883178
2202500135,421884
1523550220,679817
2313900610,465171
4123840050,401525
2125059124,1040283
1225039067,498187
6431500283,495237
2473380010,302066
5694501195,429592
2881700046,377525
6837820330,318077
2337300370,207138
3876540630,220857
626059317,367507
3374500520,309212
7228501903,438199
4019300051,524847
4232902615,599018
3546000090,244849
8127700215,692303
3438501100,392842
1769600066,825343
8146100610,742477
3052700695,667044
7954310210,570477
3761700053,1819215
1320069179,368182
1331900410,786025
7303100210,354742
2464400285,484991
6163901150,366247
8955800045,317388
2314300200,448441
9528104360,420470
4177100005,613650
8856960260,346416
1828001220,627253
3066400710,618537
624110610,872258
4040800260,439822
5019500215,469597
2481630180,1072904
7203170190,736072
510001280,961804
9430110120,733157
1565950030,314430
9828202255,831619
3878900270,455682
8091600080,209856
1112000035,308524
2228900270,310759
6648701740,304674
1245003740,685188
2174503441,562908
7708250010,326905
6072300110,572950
2329800140,256923
1494300040,505024
3832050130,255879
7203100730,864282
7199330170,459915
7785000220,708088
1250201175,400605
4054500180,1018633
7905200061,484375
3751604895,185620
5220300140,277111
3323059027,311145
8651611980,830002
8673400190,574298
1668500100,764845
1023059365,544466
3308030060,323869
4232400860,1044211
2144800615,235564
1568100920,1449806
9406510040,460437
2923049421,316815
1051000040,1486762
2077700042,649180
9423800030,307680
9818700455,659932
7133300675,366327
4113800550,632188
5553300375,1938675
2025701530,311546
7942601155,500298
7524300020,293191
2520069100,281306
5412300410,217682
7504110760,705796
2594200350,435295
2722059013,240803
8078430480,579882
1423069162,482751
8856001090,148512
7000100631,761547
4222200280,231277
7971300050,630023
2009001600,261798
6619910140,642254
2877100985,602900
1196000007,349513
1330850130,718965
6664900410,276376
1231001110,352399
9235900030,309670
9407101840,308048
9523103001,396652
2149800278,343800
7234601198,711536
9476700035,370173
9297301065,624356
518500700,723389
7843500090,312973
6056110780,292969
2345700260,345516
3509600070,245340
1431700280,342140
1623049174,262424
3024089049,429236
7853340450,391890
7732410360,726674
1446800995,323100
2946000285,228208
425079100,466239
3876313040,428461
1762600260,1054678
1925069121,1174727
7443000480,1227167
7820000015,351767
4027701253,531715
2826049165,345378
5426300060,897876
1278000210,164225
923000270,368920
7657600005,247466
3024079057,470145
3276180020,305133
7304300760,284913
3908100020,564397
8835400805,700503
4051150070,209151
3904930530,505183
6163900971,411173
7942600310,475421
4365700330,304348
423059207,327257
3992700265,363036
7177300090,512540
2540820010,628530
5700002510,957255
5201000030,563351
7631800015,1838760
2922702965,666782
1525059198,870606
1245003160,771592
3810000455,327222
7855600080,589935
5701500030,1117077
7504020400,563739
1402600570,340692
7575610760,273990
8731990370,376948
5021900090,797267
290000075,454481
2841500010,485967
3955900830,483166
7852110140,559250
1311400350,248112
7773800015,574345
4123400320,510763
2725069157,785862
666000143,857296
5101408678,496355
6371000026,440522
2024059084,707673
7283900036,329113
8881900230,720759
3959400135,352966
7696610270,241578
1689400150,865843
5103900015,430479
1441000350,415559
5101408735,356790
3126059027,1704783
2320069014,503050
9541600015,533992
8682320420,789125
1562200090,631143
3395070980,563683
7349600230,262247
522049122,248592
869700060,309647
811000055,1409593
1221059176,377052
1523059103,408983
2025760210,732039
9218400088,362053
8682292020,487164
2623089135,458368
3758900259,1110573
524069049,726747
3121500150,776385
5581400080,768705
8087800020,483221
4070700290,727182
3296000170,592029
9238500040,505945
2744600040,371907
6813600380,575678
6140100150,471347
2201500555,487093
2600110250,616364
4337000275,130785
1186000150,527990
1972201963,537099
1105000745,398390
2887700560,587812
4039700080,706720
522049104,280604
4202400078,244047
7520000695,185558
7714000310,376780
4319200060,712619
8624700015,627135
5104520610,323519
2354300845,366772
3824100291,485391
6151800612,286375
5454200080,932811
6413600290,343302
2131200065,288795
1459920010,279794
50300090,399424
2326300090,672134
7714000070,375114
3630180500,895058
1727850340,880590
8691430330,1020732
2310030390,254820
5561400610,486780
7010701016,621941
7883605915,297677
1282300995,365508
4040700310,505861
3353400435,226570
2143701015,474413
255450020,392062
1020069017,341685
4038200120,503688
9284801100,334470
1965200075,621738
847100047,560149
4038700720,552630
6815100085,780006
2508000020,314859
255520180,625758
6822100750,569261
869700050,333926
1775801405,609109
6600400090,217600
7202330270,466159
1683400165,760191
2625069070,1012829
7625702440,472502
3388000640,215384
1899400365,332106
6899990200,809860
5569700020,797106
986000045,264859
3293700221,283858
3764800250,365939
2291400566,358275
4219401236,1421712
4239400840,167002
7211400990,197271
7696500280,209146
7215721070,549832
3204850140,386768
4322200220,653439
2566300100,1040090
1944900090,421481
6648500390,274660
7385300020,704079
1704900135,389316
2877100655,689922
2726079098,543179
7625703800,503887
318300040,513858
7922800190,426397
2023049361,203217
8946400210,475054
6071600450,546004
4343800100,379252
1443300140,352257
1024039001,654038
2767704860,668133
7234600851,682615
644200065,824236
7784400035,742592
3826000560,193227
9272202260,460501
263000253,483171
3621059043,566348
240000130,504792
1352300120,196792
7849200861,341594
2487700130,613363
1796100140,275373
7234601221,594044
8651710190,460065
2916200091,597913
1232000915,559223
1545801970,284047
3211200420,307687
7686204675,201437
3141600210,193695
3959401284,492568
2113700825,295199
3876000710,405598
522069022,510713
3214200070,370325
1221039156,280662
259600790,430378
785000040,478102
8138870470,483926
2596300035,272630
540100057,1262558
3073500045,415676
5363200266,400535
8682261650,550204
3224510080,797601
3211270160,390539
9269200520,216857
293810190,456322
4197400043,326245
3026079031,313983
5332200405,1048028
2473411210,304183
9268200315,555718
8123500050,547578
3221069091,460944
2485000165,631726
4058800215,668076
1926059039,787806
2533300680,891040
3343903640,383459
5700003705,1203623
2023049372,363007
4058800830,534976
3333002302,426566
2944500340,264688
1982200790,550117
8929000270,496827
8122101440,278056
7525530470,751795
9332800020,672286
3878900525,267423
5420300210,255641
9232900165,324210
6414100026,390016
3013300660,770928
7954300120,611088
1081200360,349610
2877102345,469644
2202500255,501122
7984400050,230904
9558020380,464658
7812801850,231819
8944460020,389636
2306400040,672495
8649400410,378985
7889602020,247326
2041000025,581436
871001484,580547
2767602141,562108
3630180470,769312
2769602140,484162
2473250280,316427
5422560660,564317
3756600240,338665
8651600160,769718
7202300540,852129
8961950250,443056
3303000130,423094
798000062,288714
1695900150,828566
1604730150,533343
4136930310,349776
8835401250,1352418
8665900328,373702
9262800255,311601
1853080570,823659
5556300114,774450
9517200290,438865
4037200295,482704
7417100123,383455
2620069077,220645
7922720040,639542
558100090,493115
257000037,256593
3319500385,483816
9297301520,322282
3580900090,340932
1321039076,162655
7227801581,314733
9407001620,305125
2130400150,331357
2312400200,260454
4046700210,368318
1193000480,966275
1492800296,522673
3013300017,465148
3630240140,571203
1049010390,332679
9320900420,158175
4315700060,394542
2591010290,297877
323089085,667744
6600400270,228401
2919701105,504416
7202360670,842869
8927600100,802583
3211700045,605113
4027701326,472654
1601600195,269009
7853280350,674190
3629970130,746562
7203120020,812819
9542900190,363484
8035350120,493945
1238501184,1080374
251200240,470374
8945300200,191247
2162000160,1049029
5466310060,186002
1239400064,868546
5205000020,301261
1720800305,640117
7280300375,538246
2095800400,465052
7852010950,565090
1428001160,474073
9528104910,696259
8644210470,911416
7923300310,516789
254000100,660170
1931300688,542167
7007700030,439385
422049178,243089
422069067,466694
2923049393,365103
930000305,513987
2461900448,542014
2610100020,287638
2895550050,256756
7701700040,281999
2460900020,476946
9827700105,591145
1005000240,300481
7200001254,473215
866400040,532697
305000170,633580
2260800110,895115
3442000127,738516
5253300437,442649
7576700150,906606
5469501410,491014
5104531120,732968
723049434,317654
622069006,1433279
2517101200,319441
8159620160,249298
5561300640,424982
3317010130,236787
4364200250,454654
8732300060,762979
5603700025,719138
3585900190,1102825
3996900575,271412
8731801260,227708
3810000860,333849
5700003585,1794831
6332000050,442825
9286100250,486450
9471201110,924029
9290800050,597792
7300200400,621397
526069024,1058351
1454600156,848871
3904980360,550917
2626119062,270655
8651730290,414774
7611200195,657930
1919800260,577650
6632900354,313479
3972900195,313552
5151600170,299731
7016000440,480146
871000435,731903
9578060540,501111
2332700060,901160
766000240,266596
4363700200,303197
7100000250,342826
2781250560,231539
2781250100,382378
5419800220,256554
7147600245,241788
2926069083,854741
6189200125,755839
9542830160,293506
5152200020,282850
9412900045,451227
6600410480,181764
6979970080,547053
5636010280,288463
1732801300,806242
5561401530,399240
9578500510,419831
7304300906,309593
1223089077,609371
721049207,254663
8691330310,855817
1523069204,490916
3188100105,600377
6608500290,373625
2891400410,348407
7663700551,319537
5413200140,273295
425069139,619701
6713700155,376537
2767603505,568327
7789000080,255794
9211500620,233981
3750604417,206822
7922800320,487492
1471620240,428054
2222059052,339487
9551200270,1058135
2767603160,611457
9406710060,396767
8929000250,396886
5538300120,417451
2223069120,474991
1652500060,1699634
8564500240,407519
3629700120,572898
3943600070,429750
4171200025,270993
2425049063,4182296
9828701650,363989
3581000340,344915
8100900015,361452
2125059161,976422
304000380,219644
8146200070,1605357
686530170,566877
2917200645,439791
9547200530,695606
2122059199,381989
1150000740,694413
5706200060,335331
9265410010,217810
4083800555,561121
6152900332,355946
2520900301,257867
9828200790,506240
1657530180,313200
7471900045,268099
9828200460,476845
1775900140,419047
6139800430,427905
7214400005,498775
5332200026,551089
9510970300,811819
2540830020,445927
3392100140,199507
1326069191,363007
2125059112,966691
859000022,357579
8854100350,664066
121059007,208580
7977201707,510914
3859900060,2831810
8815400735,723276
705700530,373718
6600780130,372108
6378500105,379941
8143000310,480135
2877102330,674979
3526039074,615523
2115510300,289687
3024059014,2050098
2141330360,580749
546000400,505584
2071500011,391821
7972000240,235693
7016200460,451424
6204200180,448179
1552100135,1215299
88000173,460391
2581900235,735416
9211500560,232877
621069218,401254
1321970240,295195
798000630,311729
421000285,285456
2824600180,704236
3832051140,302102
1237500105,708781
8802400906,259362
3166900270,417135
3682000060,385096
5469700020,269127
1245001820,565301
9547205660,595926
7974700122,729046
7550801225,611175
1099950050,719365
1402900460,331724
7636800041,1353241
2115720270,250466
8651441750,207096
3904100035,320126
8815400020,673884
3303860590,478013
5427110040,1045677
1782000160,387995
6204420290,473108
3995700245,324526
7955040130,442154
1442880650,488951
8833510230,806079
7283900551,407340
4396000180,271695
7504021310,651850
322059264,283781
3654800040,279790
2767704777,568954
3278602190,365261
3236500220,502306
3410600100,299059
629410180,763679
3352402250,149943
4363700304,362688
7237550130,1263707
9808590210,1159574
8074200175,278057
3463400330,471252
6306400140,843442
8564950250,523117
5381000070,250446
9826700697,587586
8132700190,468272
7943000020,170921
9547204675,597079
4112100101,503353
727500030,712327
114101426,349252
9274202005,804550
1193000380,857540
3039000020,448695
7852170130,685125
2624079010,614124
4137010540,308045
7576200012,826031
1138020020,335664
3969300030,213252
898000200,206519
5153100030,362157
5104532030,547721
4406000050,222147
9274203390,599950
8682290360,475625
6928600330,254148
4139680070,898436
6844702690,467909
2154970020,2229483
4385701285,1206266
2426059071,606621
2867300160,443508
9512500720,515831
1773101020,379597
8687800100,262280
3627800050,1581701
1604600227,302041
3300701170,396645
9250900111,487338
7015200790,617752
1311100490,246406
2469000010,958189
1982201596,610239
1862700290,339106
2586800270,223630
9528102772,475682
5490210200,435554
6669080020,435567
179003055,247776
1860600535,986873
1592000130,614138
3905040170,574359
9320500080,250109
9276200850,506161
224069114,648725
2260000340,578574
5096300130,400797
3432500215,368012
2600000050,741116
8856003839,211479
2492200435,411076
7855900110,1114129
6806100250,324970
2770603523,586203
1370800515,2004627
2726049150,477970
1226059161,584599
1068000375,3258872
9528104109,472045
5126310060,499206
1951820070,591440
1545805980,382689
9464700340,791356
4319200675,844009
7518500885,617253
7852020620,480527
869700370,349632
8643000190,250835
8902000267,535657
7972602435,264631
2050100210,886703
6705120540,522099
2767601390,590037
4141000490,1213208
9345400350,643489
3222079162,337840
7789000120,257111
6646200770,685746
6666800180,825095
1725800280,497352
6117500460,1095692
5470100220,229860
5457300478,470722
7550800195,599141
7787050180,527605
6204430250,519460
7640400250,464496
624110920,804671
3629920140,408315
7173700518,636507
3210200395,222383
2473480560,426115
2623089141,474604
1423800080,234462
2076400050,302117
3832060120,312657
7702600930,410281
5101404555,417323
3723800415,438642
3356403400,234615
9214400125,528835
1797500530,527436
9551201660,1016671
3878900815,354019
1760650280,309413
5466410030,239987
6388930620,657330
2331300395,763195
9412700160,287562
871001611,577935
3142600120,628014
3995700220,363197
2310000280,280356
8039900400,404940
7504021510,654755
1959700445,1598849
1556200155,680409
3629960590,377419
259000240,449154
662440020,414342
3123049142,553605
321100260,830725
6840701095,601258
3738900165,371742
4427100130,361425
9238500100,468634
6145601810,396256
2570300090,360426
4017600010,481972
1005000220,378770
1257202120,532296
9527000490,464563
8691400080,735390
1726069084,460279
248000240,208557
6113400046,376734
2130702350,360078
920069052,267601
6071300160,528717
1623049041,154824
9268200285,372638
1843100520,350894
2887700826,595608
9122000385,510288
9475700220,358118
2804600005,789262
2896400300,431363
5015000180,809181
3630220180,810173
8832900780,507808
1568100300,452384
8718500610,395490
4147200140,1044333
1973700030,1033182
8862000075,195396
9320990110,328410
1151100035,384965
2011000010,251968
1651500060,1081405
446000190,699547
2344300220,967936
523049195,211965
9191200015,633197
7942601410,795031
7137800300,228686
7853300280,516234
6654700240,339299
569000050,585656
3584000180,241689
2026079055,335873
8898700880,266271
5075400150,614103
8731981360,373146
4222500020,230909
7996720050,560650
4077800094,632903
6446200365,594558
2824089053,492156
1311800220,225659
3522049063,702985
1721801280,226285
6131600240,201124
7202310040,581483
1123059125,540996
646910160,272956
5630500005,412152
3342100785,298734
9547205610,642391
1773100123,306882
3353400092,282735
217500015,378548
3649100031,382149
7896300150,269965
623049185,252739
1773100430,343927
1781500220,900737
3395380200,222691
2424059170,2839193
4389200765,1416428
1543000060,480075
6154900005,590335
2902200240,517404
1442880640,499108
8562770490,571211
2768300655,605326
3432501315,312289
5035300570,677266
3626039028,503232
3876540780,251870
327000100,1176598
7551300065,512897
1312920060,248549
2215901230,256613
6306800010,436791
2767700022,515705
5589900610,493726
4320200020,655154
5249804655,675525
9238500480,521649
3885806565,1085030
7905200205,496025
5727500102,364685
3585220070,368398
2078500210,599693
1839920050,384608
534000080,312305
856000255,570621
4141010110,1390656
9558040820,573060
7768700315,1302203
2796100640,281486
1922059010,208696
3448000542,295517
3883100220,286610
7237301210,264800
3893100456,879310
9578501110,373315
6145601995,391910
4024100120,310276
8899000050,319680
3396820010,570018
6749700117,394272
1954400060,529904
3303970100,811722
2540850070,442051
3797000745,473396
7883603700,294643
3438501452,464226
3530210260,671104
3598600049,180697
731500170,361761
7129304375,190365
263000006,451210
7212660560,284537
1112700010,416576
3420069060,520685
2473000470,419897
8691390980,756652
6184700100,422101
4476400275,387187
2968801240,337003
1529300160,424756
7640400070,630901
7016100380,452738
2172000890,456326
4035900015,817923
9528104660,932884
507100005,338684
2783100160,410842
3629921140,750894
1099750610,258089
1330300451,1161808
2757000030,905857
2114700190,361443
2050000020,1015979
3832500790,280107
2612000390,328967
1483300430,582580
8899200720,294254
9183700470,303244
3530490031,248678
7857001225,360350
7920100083,451746
2254501620,475601
3303000130,423094
3876200070,386758
369000365,427666
3052700385,793896
7856550240,787068
7300410110,361661
7201800300,414599
1695900060,521399
9429500146,856652
3629910240,685299
8805400090,278403
1022069050,266545
1138010530,341635
7877400266,179972
7974200452,942527
2126049265,442707
9547204350,706601
5560000680,188339
3793500550,321954
4217401195,961925
1826049408,388749
3905100210,482382
7695370160,465651
3210400060,232678
6146600170,171290
2767601750,421479
1773100926,390563
5700002125,472449
1951100100,197154
1402200340,332407
8044200200,404452
66000070,301956
5083100065,169602
4027701284,409340
5693501100,597593
3600072,551184
8078550250,301660
1922059046,239359
2902200016,752039
9183700845,170535
3333001997,337312
1432400525,284658
2824059128,532835
6453550090,880173
6202600070,1010023
7524100280,236065
3524039224,829244
5739601300,666564
2473000410,392872
421059018,272941
4232901120,733373
5559600140,237818
3797310150,265092
7986400265,821997
3025300095,2260256
7524950830,560501
9407100730,244210
3812400854,400341
6002400030,385322
2212200090,240486
7202330610,547142
7300400170,338386
8965000110,460522
3996900125,312842
2221000100,318986
1524079088,328248
1133000036,340311
1868901190,691714
4037200530,454020
2095500120,340162
1995200338,781526
8820902350,721767
7459810210,383500
9536600010,600375
8085400586,1794920
7518503065,402817
8682320350,675048
3179100790,737505
9828702666,538725
6713700250,520086
2141330700,656360
7519001990,416712
3223069019,285938
7994700030,346581
2592300450,312505
2792000010,380205
173000025,447518
7203150330,698863
3305100210,991170
2581300055,868293
6613000750,1567098
7015200685,699325
1323089184,448168
3793500510,380484
2225079030,279741
3578400710,380451
8100000090,289642
2095500040,330188
8682281710,725774
6163901380,301286
6918720080,632720
6914700130,523235
1205000215,527802
3800008,271570
6150200180,307293
1223089066,835577
7768800290,752991
9285800330,837808
1974300020,475937
7628700050,819364
9376301800,698683
8651430220,208285
629810350,816244
5016002180,869595
9558010230,352591
8732000390,222834
7899800586,308422
5249802460,437412
1446300020,541778
7785380150,461296
1245500950,639092
3362400640,637601
7578200310,698120
4137020910,296727
11520640,708725
7972601995,258392
8122100160,434539
9456200450,278018
1328320760,349420
4025300285,302010
2721600125,1051767
1123049027,234441
3542300060,237945
291310340,591276
8651720420,431439
3298200790,376442
4037200585,482304
1329000090,1409588
9279700013,1120675
4151800265,482512
7760400210,238739
5029450110,217016
9492500160,871452
3578400270,433746
7606200090,322332
3682000050,372705
1250200415,360888
629811600,679040
1839500115,320774
1176001293,1459848
3013300409,386330
7853280370,683549
3275780030,602975
3336001946,271074
5456000110,699168
2473250400,285804
5393601635,510548
8820902905,404531
1245001659,702216
1523069215,414955
930000234,503180
4083301645,735411
4055700778,617510
2781230080,474741
3629910210,674586
7856700060,706057
7589700055,434054
3888100043,355510
6381501636,401066
3303951150,416172
8638500170,341348
5635100050,409095
8820901792,828987
5456000025,1218755
985001275,179605
9560500105,663607
1421069117,279887
4154300296,342375
795000620,146852
9828702335,557612
1250202145,921323
1163400070,245881
5652600065,665396
1042700050,798419
8899210320,358981
1651800030,1535953
2919201365,748682
4365200895,317488
6841700100,850712
7376300060,442770
7852090180,521649
9222400565,574580
9542400075,794853
7338000150,170666
4322500110,540601
7694200070,426522
9321010130,247163
3204300455,1241649
6706000040,301548
1565930130,425027
3279000420,211275
194000575,540090
2115510160,273371
7522500005,584780
3787000140,483507
7852110690,621949
5469700260,378973
8691410730,753881
114100763,265638
1257202430,888725
7000100635,540330
1900000195,182041
251500330,1617004
7701960210,863359
4037000065,466233
522059299,251641
6072300800,603207
6821102358,594930
5029450200,231644
8860310240,541982
826000295,381097
9417400110,412022
3959400345,632963
8899000430,312152
7527200030,709266
8562720410,1258840
1432400335,242333
6699940320,406123
2525059172,723479
7548301044,395718
2141300420,810195
5100401414,425248
7346600092,251898
6852700478,646869
87000213,249135
5416500260,286149
322059097,290239
7229900005,324500
7116000350,162504
3739500096,357109
6744700900,792800
1959700550,1032448
5589300435,324343
1775920350,362228
3750607974,297531
5318100935,864294
1442700430,442391
9346700030,700677
1841500050,311241
7278100665,365549
8635750980,680854
6909700340,714647
7011201475,812288
9348500220,552257
3876313170,440109
2195700050,853080
3760100200,453656
3396800120,482122
3750603685,262272
9828702310,616280
8656300380,399774
1438000170,536704
2423069164,446466
2112700845,270368
7635801370,513649
8572900135,436869
7504010590,756052
6821100125,505749
4310702775,329052
2591010180,464065
9828700235,744649
9376301180,462006
1646502355,1030861
1498301672,496254
7715600070,332672
7283900045,474923
522069119,434831
5200100125,632920
826069184,477316
3271300155,710067
4444800045,741050
8682291050,736414
2770605420,513890
1556200205,550401
269000970,1312420
9264900880,274460
2323059074,273423
1224059053,1088414
3755500065,399708
2571900430,362072
3705000070,302904
824069173,550983
1735800050,148072
3025059089,909201
6132600655,879890
1068000255,1560207
3052700921,689776
3024089057,362741
7390400026,299044
1787600224,445762
2923049372,303546
7015201015,980218
7701990040,858575
1925059194,1037071
301401370,338162
1931300955,531840
2395710070,374401
2591820070,396061
7883604065,331910
808300200,480760
1421069159,440470
8562780540,389221
2787720300,377447
2349300069,320937
739000035,170437
2397101460,680719
7625702437,468748
5101406441,453165
3323500010,1231062
225039082,826888
8078100260,357297
4139480200,1273138
7436300160,536063
822039004,746812
8651442910,243616
1370803510,750223
3342100569,643296
1310430400,476325
104540820,235829
4305500030,562332
993000090,697291
8044050040,445137
5707500050,801258
6306800080,359159
9206700190,812453
8732040090,293226
3037200045,442713
438000025,605925
239000115,285897
8929000230,490277
7135520610,1120577
5561300340,494458
9530100085,732595
6613000140,1426440
8835210130,363328
3782400190,329183
379000051,277023
3869900150,366315
4322200050,465209
8961980290,731894
2558670110,459449
1124000010,451129
3869900138,494537
7853300720,501939
251300110,288912
3904100041,306199
7701990300,848478
8682231190,610080
7888200240,216312
2025700730,341747
3066410800,669533
7576200040,765691
2526069095,980204
2781270530,234807
3763300005,460296
1523049083,237305
923049468,188010
3303700221,691422
1502400140,207170
2880100160,1020058
4083304535,809959
8820902549,621249
4139400060,758809
1222069094,369368
9367200205,593590
2734100736,349067
3856904580,672247
3812400789,419657
3303980090,985888
1314300018,309697
9522400350,599816
7524350080,342776
9406520260,340561
3278602040,403602
7696620100,229013
3751600635,239802
6365900065,403940
8732800100,265377
3876540410,265743
7349660050,261115
1036700220,664161
5417600200,314489
8732020310,279577
6844703240,816707
923059206,349813
4038700220,548488
2597520900,810530
7203230040,1030940
8820903560,369604
424069112,717251
6056100102,485442
1823069155,487489
9412400220,2860334
6851700381,1016988
13001215,311605
3630180340,815174
6746701090,553716
3832050760,272826
369000690,555138
6071900130,571332
7266200085,629293
1473120390,439664
9523100458,599066
4345000510,280221
6600220090,471114
8079040320,402560
1357900060,455334
3996900295,319150
1442700250,485066
5021900175,664931
4365700130,318004
3876100320,468671
2124069103,406739
6700400140,265548
7852090810,519056
1454600038,755214
4137000250,332200
9826700726,585161
6716700325,510287
8562750300,636927
9315600050,1637273
2790410250,623253
7732410130,731574
1387301730,391308
1568100220,362965
3975400085,869481
339600110,486836
7888400500,218953
1842390130,703241
7595700025,345251
2158900140,710996
6151800070,347509
9294300515,734454
1250202660,833952
9106000005,1043491
5035300085,662758
8898700440,260509
723049197,213887
2019200220,250750
2926049408,602274
4233600190,986730
9268851860,453276
5458800620,670787
424069096,480933
8150100265,234472
2742100085,381900
8045600130,394291
8039900086,326067
4131500190,386660
1370802650,728537
821049149,243582
5104520460,374805
5466750140,262283
1703900155,324410
8658303065,327554
3298720030,422531
1839900080,303538
1561600025,907897
6064800410,382072
621069102,251647
7853360620,416408
9385200045,738211
7214770020,622213
5412300100,223183
2025701360,287935
7334602070,324780
8029200190,197891
2622049052,455797
3126049261,343051
4443800705,492359
2473420100,305699
7922710520,539958
3336001911,292775
3797000300,554484
5406500480,628390
6706600090,444333
1518000230,367972
1250202990,848519
6441800060,854262
2141500070,474723
9407101900,303747
5451300117,1876178
326069132,477376
7153400100,234597
3083000910,388589
3021059304,302747
2597530650,845966
3972900215,316829
2473420070,317908
6115400008,478215
8682220230,872560
642150080,575009
3775300030,337798
5418200340,631757
2424059119,922249
7899800476,267516
8598200070,275347
2421059125,500499
9528102771,552694
7522500020,611591
7202340720,594930
3286800260,604257
1121059105,446000
7504030220,625025
4045100190,1755626
9406530090,356755
7138000260,250355
2600010390,727883
2917200365,418402
2191600780,203227
7784000180,525186
6149700194,379627
8082400136,711166
7202340930,655799
1972200556,684518
2767604170,586083
3271301175,554748
3223059303,487090
7598100735,1019283
3348401490,326754
1545803390,267992
2296700050,521497
3626500045,714658
1596600060,251227
3616600250,1272934
8078560140,288064
1796360350,257460
2770601763,524144
3223069118,682300
2473372040,360788
3575302759,444978
5706200170,489583
1774000030,422300
2224700136,356533
1250200418,353315
5416500840,355596
7335400345,156202
3776300010,762676
8857320130,533736
424069206,761016
3592500985,1067155
9828701295,370085
2621750340,311627
7334401000,288865
3286800110,597195
1722069097,444673
3574770030,499461
1336300610,1154906
7230900100,342551
6141100320,334424
2767602356,758814
476000017,504478
2558600100,450298
3500100015,331844
4074300150,417250
8907500070,5180548
4388000260,212349
2475900850,238593
7852010900,532955
318500300,662650
9200000050,188063
1026069106,458875
205000120,640259
2616800600,829831
921049141,677590
2023069059,831767
7229900145,456671
4376800010,557605
4389201095,2854769
826069127,479564
2310000250,275664
4058801225,335718
6600220550,448403
3585300194,1317389
2594200375,433379
1102000514,779745
1862400471,447661
6928000440,288968
9578060470,521916
8732020670,252273
1823069088,310247
8712100350,1175525
3420069055,352397
4229900140,289875
8682280490,439860
3830630310,260413
5100400251,400583
1737100830,583749
1630700276,428086
6326000205,399532
3426049284,3074520
3814900260,430607
7403200050,1976367
1725059252,699690
8899200570,325929
4137000700,295972
1115300270,689218
3904920380,579015
2695600195,383971
9542100135,720796
1552510160,415165
1823059241,651031
2193320450,611091
1122069006,545883
7853340330,402752
1954420380,485881
7299600530,280135
1760650670,267247
6819100080,532672
2767704649,522439
2424059035,892985
1566100400,384227
5255690060,436752
8860500130,406871
7349650120,312047
3291800670,414912
3764650010,503931
5416500950,422288
7973202712,204182
3291800120,240255
9211500620,233981
8643200020,369421
9197100101,207059
3531900060,323787
8842400071,470357
6844701680,473618
6413600285,438002
5196410260,895296
824069121,659790
3876313120,398383
269000030,1034219
1560930070,688950
4435000705,211121
9542400025,772310
2470200020,1590755
7519000580,550724
1226059101,505041
4449800063,414199
2815600305,733897
3821200050,219732
2644900110,385459
8058500005,369938
1099760230,254259
1954430180,539890
7853360480,432440
7229100040,325438
1432400120,221594
1898200080,358266
4054520100,868455
2568200140,752609
587550010,604614
4154303215,768093
6358900070,847011
3277801640,402069
6209000165,316813
6143000020,247102
2591780180,382983
5412400170,242155
5466350120,248142
2877104196,823283
3222059007,297321
7957600025,258216
2698200210,277373
3764500230,597178
414100630,372724
8029740060,312001
1426049054,378049
546001060,666206
3277801417,423658
3630120970,777852
2326059080,964637
3278612370,363218
4024700100,294493
7697870860,251407
8562900240,705813
4059400585,257548
5703000050,481176
7701990560,855940
1760650610,311495
5408100035,404702
1370800560,1355128
2880100240,564242
3630060150,581785
6071700020,537721
2473002500,426335
2768300650,542604
3523089019,892569
2787250190,507165
9477940440,399849
8732030440,285776
236500050,324352
993000100,710594
5466700360,252312
7203220300,884649
8682292180,436119
5209200010,474746
7853360990,432439
8663310010,448991
2313900165,544702
6114600030,519112
3303990030,826908
6679000960,415130
8161000230,512781
9510860060,682778
1223089083,799745
2721049059,288468
2523039278,296423
9826700707,567260
2159900120,498002
2767600635,706991
3812400455,376841
7852030960,461593
319500080,633407
1061500360,321367
1787600209,386617
7888700030,526185
3623500260,1136045
4219400520,1391236
518500460,2172651
2500600297,284531
7283900010,305070
9225900055,321361
4036800925,414851
7967900150,377026
1782000130,449823
3163600015,154911
254000075,389679
1424059022,935134
2768200090,680501
4319200505,447935
1592000780,628681
1687910100,578546
5200100115,634497
3751600176,214713
5608010650,853785
2051200506,304898
2781280310,312572
1023059190,268592
2787310130,278377
4358700100,464143
3121069036,558642
1959700225,691389
3205500230,367541
7974200937,523762
6819100111,938402
6146600175,176624
1525069095,803738
1231000510,440802
4122700040,992644
2426039314,311787
2013200390,270802
1854900330,715286
1923300135,605941
582000135,523869
587800130,307183
7840800135,207518
6116500366,363746
6392002635,617717
5361700020,329640
106000395,437111
7199330390,387782
2484700155,650099
4038300070,441783
9407101850,316909
293610040,619636
7202360760,799154
5608010750,1052939
7236500025,303009
9144300120,372132
1454100267,399622
1377800135,689294
7967700570,236110
1562100220,530929
2923039243,346468
868002080,795604
7137960460,273460
1023089096,339982
3262300818,1813174
8563050110,550204
7137300245,410634
4365200630,413231
4100500070,1906359
3821400200,264491
5379803386,263017
4237901075,580663
8118600155,384501
8946780080,795054
1428000970,405498
7011201004,770748
2799800180,338949
522059130,251421
4315701163,583846
3649100387,428268
2125410210,446828
3224900130,230829
6798100661,329214
3626039325,844671
8730000270,394924
6065301040,805475
1665400165,235276
2203500140,428572
4058800875,358915
5076700025,449869
7853420110,604429
7818700480,329193
8658303080,384126
3187600100,534040
4077800518,412306
2470100110,5068906
3451000206,334662
1843200350,193623
7904700126,458221
9430000070,275028
6003500749,733224
7701990700,814416
1310820150,341289
3975400190,696479
4100000050,613334
7202270700,542008
7370600020,643015
126059225,444622
106000015,405666
4458800060,916960
8944290090,260685
8682250330,667153
9834200390,460945
3275880100,729603
7227501190,260821
1796100010,677865
3831200210,296946
2521039066,300622
7701800050,388165
3904960910,682929
5647900670,299576
7234600796,484596
3021059244,242797
7787400030,1929284
2051200436,601784
8820901415,416514
3523069047,858456
9194101388,428918
7277100610,422585
9471200370,1767023
2767800140,644484
3629870110,518771
9136102057,644339
8648900060,547382
3678900110,386843
2767600150,530826
1972201511,696308
6055000430,581735
6624030050,365364
2215450150,344577
2767603824,522234
3585900460,770910
2922069134,425211
9267200062,423050
7228500425,535338
1089000190,819649
3359500960,518240
5152100160,413165
7230300060,374987
2423059067,478135
8016250060,269306
2524059267,1110366
1438000440,516006
3326069026,701413
9353300600,302031
8691410060,724905
6332940070,518810
1310980110,270208
7428000120,247604
3626079040,644703
2722049077,285165
984220290,295036
5347200160,265218
4154303655,530810
2953000250,270629
9523102447,735884
5104511840,396626
3448740250,419140
4219400290,1046762
5152100060,506345
3279000460,220111
1102001274,1023264
1251200155,1214839
2025700740,306392
3820350050,377853
1245000438,736928
7853230200,461818
3832200070,263131
2926049400,452250
1246700251,833507
6372000155,588428
7950300670,429898
7518504130,608420
9286100200,489149
3992700585,491371
7234600786,730174
5476800069,335280
1126059201,1404298
9527000090,439210
402000115,286842
8818400450,1011727
2475900840,233467
1437500015,251205
2848700095,433096
1529300135,337925
2597520090,912742
7812801125,237843
3343903647,433086
1951600250,180556
9542840590,271085
8081010040,1149986
3262301355,1345061
1861400068,558458
3295900490,463038
4345000440,258538
4219400465,1053066
3797700030,275332
3204300860,778903
1930301555,596779
8807300130,336806
4391600035,314324
5021900140,1536266
2946000590,264204
686400210,517724
3365900462,225141
8682262170,442016
7312400325,356059
3760100100,380626
3579000410,445876
1773100755,569558
7129300175,350764
6303400965,276646
1328320440,343205
3686900025,257842
1221039066,404155
7950304095,354358
3585900785,1014187
9455200329,512852
629410130,752853
1994200375,612379
6669200370,1006369
7262200150,243617
7504010750,601174
5253300173,291573
3395040200,323033
322069109,396210
4054510270,1034458
1710400005,640517
8644300170,697062
2450000290,1222337
6102400166,756310
1934800087,494314
3333000775,286644
5393600509,328997
621069039,356558
3343903611,645136
2954400020,1046718
7972000010,200631
7214810510,432680
5561300540,450958
2634500070,451853
6822100310,661201
9201000100,673779
1072100085,310710
6190701146,427097
3277800845,276392
112900020,341266
1324059048,643881
7979900126,379991
7199330370,423968
6381500720,416481
8078550190,299595
7853440140,847321
6300000396,387114
3374500250,355540
3343901188,287895
6979900010,799426
7199340320,575214
1112000125,361174
9269200150,348394
5104510210,276675
925059219,565643
100600320,206174
1789900080,278101
2123049142,301534
2459900040,617219
3902300450,564251
7250000065,294935
7823700005,288838
3750605247,228434
2771601730,577951
3298600440,390280
9141100005,508794
8682262190,430915
9407111250,230832
1336800010,1589366
2255500060,625280
7950302345,366926
8658303585,224218
9184700600,1154864
8068000440,334842
1310000130,312272
7853221330,633923
1222029077,251270
8562891100,349939
2517000260,368791
2225300149,361581
8651410330,176717
2413910050,571373
9407100720,272333
2112700920,365411
3761700251,866675
1036400100,679543
3585300365,625313
8562750060,788612
2719100042,538732
952007055,445835
925049318,617844
7203220260,972617
9320990140,330201
8567450140,517078
5379800810,175719
7784000100,531678
3992700475,470055
7905380280,394762
943100683,357123
8029770470,550730
2818600060,984832
1226039124,434984
726049184,281944
795001930,227992
339350150,769047
1332700270,322264
7548300170,600524
6141100330,383221
647100096,773015
6744700423,498699
2895800750,308536
4046600220,327475
8809200070,361415
293700110,806175
4178500440,252627
4358700164,265507
9197100263,276606
2426039313,311787
9468200163,626624
475000190,540619
7504180170,442252
4036800170,529696
2561330040,431227
4123400340,526252
524069115,834970
4047200850,349416
8651440230,248407
3905030140,586734
510000641,657617
8663370020,432885
2883200760,590149
1980200384,738755
9468200140,534686
1796370150,275049
9238900085,554914
9191201325,540259
2538400060,1025772
3758900037,824564
2472920800,387039
321030150,311211
2571910100,287707
1423910670,284501
1118500030,794483
1939000010,683607
1776460190,419680
7504400290,588494
3448700070,422664
7518501025,559362
923059252,525673
1431700210,252754
8635760480,599850
9175600025,1265175
7922720250,585926
8944360390,551484
8948500065,220105
8669160310,278399
6117502745,528946
1789800020,333322
226039186,298252
6457000080,252700
9557300080,557026
8562790480,708603
6430500008,488936
1604590230,714915
9542850290,747136
7831800395,317029
3317500030,1246031
624101110,729260
3654200039,396190
7856000150,877645
4338800685,277584
3211230300,399996
3904910650,563447
3598600088,287741
3796000400,363699
7972601280,461513
1450300050,281488
7504050090,837369
9202650130,550693
2419600075,367326
1224049005,899530
7129303240,368857
1922059135,212924
7852020250,645315
4139910180,1548949
4222300040,269400
1024069027,1080600
8944600620,502680
5040800060,823798
1036400200,605043
7899800915,297180
3325069025,439120
9408300310,626591
1773100604,379662
5451100490,900790
9536602080,172843
9828702055,448619
3362401758,512365
476000333,467753
4364700730,314883
5559200020,282475
7522600110,259494
104510440,255553
8820901275,575378
3298700125,274134
323089172,446940
5364200477,579391
2222900082,372236
6641800020,679979
9358001422,341698
3438501150,309971
2206500430,515902
9272201318,602198
585000095,601905
7708210050,503062
9407000840,276243
4027701265,468065
8644210050,796516
8656800020,409369
3329520170,222807
5104520720,337034
3806000005,177620
2330000015,718160
1447600410,283148
8641500252,395266
6084600420,267751
441000115,434310
2597490030,682583
650000030,888264
3585210200,408673
5416501030,414886
5406500170,636596
2916200065,408315
3330501975,532404
1774220070,575685
8731730710,210722
7861500150,406135
1402630190,402828
9117000230,278743
7133300380,693015
4232400470,715745
1773100972,353602
9413400165,272206
7658600025,451705
6909700040,833291
1402900380,295902
6625910100,479367
3204900010,602229
5162100820,314424
5560000480,158328
1704900303,496189
8084900170,1696999
2887700091,803847
4331400190,254935
3762900130,389539
52000067,616606
5430300120,950051
8956000460,626837
8856950310,297507
3364900156,315926
9310300211,301853
6448000020,1391860
123039570,439151
7600065,580765
3123039171,440572
8964800445,1632883
7857000732,397236
7525410090,536103
9541600350,717174
3186600515,765784
4123820450,322948
2505500030,1135133
1541700240,337194
6629300120,379374
7399800150,489988
9517200180,344635
1313300340,468718
7967650010,386995
8807810090,396125
8815400670,812584
2310030500,294902
2241700075,320665
2287400030,303348
2827100075,283236
1310700390,285378
5498100010,446497
723000114,1468306
6431000987,516099
3356407665,206308
7852110050,532326
8677900123,456679
1917300260,238488
3396800280,557617
8691420050,907234
9368700006,284029
339600290,391909
1592000250,599915
1471701780,371451
8928100205,610237
5029450100,227477
5493110080,2192514
7883603750,385290
1732800175,851022
1518000290,344268
8604900017,640073
5379805160,290282
1254200835,585874
3179100482,472966
3313600266,197402
976000879,644960
8819900220,655593
2130701535,315522
1176001124,613384
7893805650,389157
3885806840,798563
3625600190,1251603
8562790150,899238
7348200115,210709
955000453,517410
6817810310,413419
4040400340,456580
1644500050,587242
8029500100,339061
5244801230,643172
1115100119,391541
9542400010,715528
423059387,649685
4023500990,363883
7899800857,310619
2976800796,228041
1074100020,296156
446000010,605982
7942601200,516142
3575305495,705286
8691310040,819095
6117500430,772532
3924500130,495016
2028701075,532340
4330600360,267754
1324079082,461757
9268200484,747129
9828701605,626296
7518506715,990321
5315100277,1294947
3942900115,424406
1561930020,446059
9510970090,722667
6163900821,361347
9510300220,550281
3869900146,335746
9262800208,775274
2522029039,586666
6865200095,682168
3782760040,462227
4237901250,570087
2891000610,212270
2749600095,635408
5422810010,337096
3629980350,755569
2459500070,296240
5113400364,672483
7533800885,656609
629410190,761540
8651431100,210851
7960100050,583749
1842200040,427261
425200205,275973
9477201470,370986
7905200365,495629
6381500635,322218
6052400175,336571
1236300268,429539
6072800265,1728843
3423049311,211261
3755100540,358323
7852150120,423106
4180300050,476192
7625701935,339216
7132300550,462727
3025059093,4156201
8161000220,450839
7852011020,585121
2599200160,345054
5536500020,512214
2095600150,273487
8910500226,416378
1681400010,761334
1424069110,756329
5127001620,325276
7940710070,398292
2413300980,299149
7853400250,574661
9542801310,289412
1890000169,583327
2720000120,280412
9424400105,513845
7888780090,298419
3501100280,333117
3905100220,504279
723000150,886896
8691310980,722803
2297400250,457888
2892600056,229474
5273200080,548365
5145100460,463603
5561401260,546762
7732650040,913219
7504101280,830557
8581400345,268401
7129302800,489855
9551201560,632570
1546600020,621005
2648000071,277203
3339900640,235898
7853301240,465545
943100262,287032
7202430150,810672
3558000120,337657
3890600150,550516
7452500315,310604
7173700591,644507
438000015,657006
928000020,375104
3830700010,433079
3845100640,410857
6675500112,353701
1773100920,375911
9485940330,381542
5561000600,439956
1786830090,555071
2011000020,252727
8024200681,455774
5452301810,1803031
5515600075,285771
357000135,1218810
2541100010,564206
1090000036,709032
3459100300,415336
2450000295,1391430
162500015,383085
2592210290,857472
5101405265,500906
1122069019,788975
7501000220,868658
1310900140,292952
3298700941,266217
1972200382,520532
5100402764,474736
2623069069,665686
6372000280,549688
4305600240,517135
2767602094,584306
2500600289,154905
7203160090,844198
3521069146,514553
824059321,1675965
9348700610,812251
7228501745,630320
6021503656,513293
5437400630,563709
2207100740,424525
7202000220,388645
629811340,715337
1324079029,234755
418000010,191813
6303400290,210166
4139910030,1156320
3023039066,338206
8698600395,208954
2799800710,314817
7351200050,835764
8564860270,471582
2591830020,393382
4139420430,1258478
9828201725,567318
2420069604,270306
7224000315,200653
3861470120,2247370
3222069151,281984
3869900155,379679
123039346,352371
305010050,659166
2141340040,721135
7504021310,651850
2436700315,539690
8732750100,343376
3298201290,361869
9241900150,1050052
1180005220,226981
5540000050,308904
9211520400,254972
2623029078,419167
7132300695,396989
6430500219,430062
6084200100,374270
7140200280,264504
3904910610,611116
7625701900,476278
9432900560,329390
1388600110,228554
9126101201,354293
4224100030,343067
1109000390,576287
3336000296,276095
7504100590,749352
2025701060,287860
7527410080,558621
7304301045,298172
2591840050,410478
2767602490,512061
5494000040,1355579
2473251090,288094
3825500080,418345
2309710150,322511
8901001335,658650
1781500435,416668
8835220200,362887
4037500335,545941
1338300180,1943713
7968000120,269854
686050100,911806
1180008315,239088
1657300280,449191
7856600170,824008
4154303125,588965
3295730050,644753
1777500090,594816
203600470,627715
6673050020,362479
8731980680,268212
2273600260,553700
1000102,280851
4197400005,528743
3378100100,245900
7856620210,795200
9275700765,894809
1246700136,399945
4239400740,164397
3306300630,186049
2524049056,1024394
2023049245,247492
3210400340,295228
2621760350,319295
526059183,399708
8078460050,657223
7504110050,663948
3876312840,381835
9268850350,328319
8085400490,1195290
2722059185,486215
3644100101,344980
1321700030,685444
5608000630,1342564
825059349,1445771
6083000071,215926
9164100105,520127
1425059145,444321
5210200184,580431
9477201370,448204
2927600630,1011454
2619920170,763071
1560930450,525981
2896000510,527070
3034200067,584448
4025300360,345754
3362401295,505816
2391600555,438435
7550801170,505258
5347200175,277332
8910500471,424440
7199340560,437621
9266700175,431800
808300270,451510
2487200875,474996
8728100781,362934
5379804888,265810
6619510060,447342
5416500680,424024
1862400087,435520
2126049277,438365
4137000070,347804
8081500060,2052347
686800065,1021446
5561100180,513603
798000342,323458
5603700095,562465
7151700585,1149305
8129700565,657139
2782100260,677641
7011201106,436401
2423069084,517107
8141300300,321738
6601200040,280146
290200230,667263
1423900220,256530
7303200450,222221
3755100220,348474
796000235,264156
7237501040,1068682
7203220400,862675
9285800275,777730
2061100435,507334
6414100025,475127
5317100750,2568279
6145601000,468236
5634500775,497367
7375300160,573076
9558050360,514169
4151800420,512854
3751600146,202870
5302400080,496430
357000005,657487
7283900306,426728
3738900105,357160
6822100305,589613
7436000205,546171
3295730040,613280
1526300015,402570
3294700101,261369
8864000970,210365
5469502700,382816
8078520310,265743
6154900130,314143
8945200830,197779
1085623630,436252
4013800131,225659
2287000010,705757
546000930,686762
4051100390,232002
7203100120,658573
7523850150,305933
3826000665,261809
1311800560,220599
2877102180,525039
3221059044,877696
9169600110,590103
9510920040,684227
8813400155,866920
3896100130,1047170
2568200740,733924
1217000340,307797
6430500086,437172
5634500234,528258
825049073,563734
2391601445,1013913
7881500330,494905
1721801591,124112
2473390710,305424
5634500891,316915
5515600163,468237
2560805630,316018
8078350280,582114
9477201060,380847
8827901350,712628
3560800040,472807
3034200370,527011
1328300040,349868
2483200010,654420
6071800480,436952
6200017,245433
8149600065,822122
3362400615,511596
7518502945,610136
8001210120,257898
8682280340,490243
3623500408,2405612
3764650070,487620
7937600380,391188
923000580,651423
217500005,406734
5419800510,258948
8562901250,550359
2212200100,297891
2310100240,407391
8582010240,683264
8651410670,207685
3330501645,285278
8113101232,377969
7849202190,357795
1864700300,296292
5231000060,351651
1565900070,235755
7555220140,689771
7518505160,401185
3322049005,546652
808300550,433436
66000265,477904
2880100675,448222
1524079156,390389
3625700010,1644807
3259400024,372062
3205000310,390358
807800190,273373
2783600210,456180
9290870040,794130
2561360120,389544
8857100180,444156
4388000070,247020
3860900003,873704
1176001119,614451
6084600330,242631
7985000100,251578
8026200080,354165
3210600010,720773
7558300170,541238
7852180340,462594
524069011,634446
3361401011,139621
6117502455,290505
5602000025,208246
4142450490,302166
5306100255,375769
1795900120,568002
1193000280,829371
9238480120,599117
3630200780,955304
1250201130,423341
7796000095,1200215
8635760040,540925
9476700135,254591
5249804510,590818
40000553,223736
3204300625,893543
2596400050,372677
2724069103,444277
3744000040,467337
7525100590,467501
3705900292,421423
6169900790,1703860
8127700735,1073754
3761700067,1036486
6065300570,808093
4022902050,457500
3886902590,726201
4107100190,2131522
2909300150,703169
384000135,469124
1005000036,447425
8856970530,349571
3448900320,604417
6713700100,386198
2260300060,1986261
7273100026,658105
1277000020,876336
2620069113,323533
4166800080,349268
8731902680,275080
2599200830,229033
7569500010,760145
1825069031,597100
4443801495,587869
7805450110,796256
3345700207,566355
1560920450,836608
3629950010,447408
3782100035,292487
5561400340,691727
1898310110,305803
2122039094,690021
631000040,538570
293000145,384662
8121100015,414802
3205200430,397671
2475900565,328922
1651500040,1802533
3955900500,412217
7907600100,291934
3123039136,405738
3972900735,277076
1424059130,531504
6792200282,241992
910000104,241365
3751600784,309289
946000295,477184
7749500070,351265
255550070,399088
5151600340,323907
5415300060,485923
287000110,607510
7585000110,194730
8121200460,496244
6891100090,852858
7575600100,301929
4240400140,604142
4046500510,299261
2944010240,1000764
3449820380,540461
7203102140,385099
8665900291,495765
1775930010,433323
1118001631,1379444
8911000445,329876
117000100,575613
9284800085,476569
2795000080,476465
123039207,335626
1312200080,230981
1236300290,1151600
7549800168,495049
6891100260,825641
6072000910,566242
3226049184,427222
1442880320,500035
23500190,563566
6021502070,499578
4168000110,205717
792000006,185119
9558200210,224722
3840700757,637255
3876311650,537827
1328320800,330972
5006000170,280451
7575600430,267335
7686202580,199692
2524069097,2134612
4292300024,418621
2726049071,395710
3526039019,790444
3300701365,482019
1274500170,201497
7282300095,284075
8562740440,769485
3761100045,2279722
2877104265,809752
7940710100,482943
6071000030,741592
6448000100,1537575
2923500230,2552232
6751300375,471334
7214810350,462192
1088800470,607444
7129300420,260060
6149700405,344169
9521100855,495673
1861400116,693444
2787460720,240266
6073240060,635445
291310100,466573
1247100035,1071761
2626069030,1713311
1326059085,601861
6447300265,3637976
8651401270,190920
3524039209,1202463
3226069049,1076483
7548300425,392634
1438000360,501760
1777600900,768990
5244800695,534396
3387900390,255332
1954700615,1019104
1026049036,297895
1683500180,249065
1939130420,588806
2021200530,995461
993002325,447396
2780900220,285763
2540800390,439820
2919700540,586927
2787250090,493319
8651442520,263598
100600860,196888
1437580480,963549
3886902505,637792
173000140,392202
5151800045,487941
3010300240,557437
2085200261,303687
1839500065,296321
1049010300,380194
1328340540,340569
8887001625,421857
5332200320,726600
7137960030,277380
5468780250,347961
2436200715,671592
5137800030,343536
1068000520,1128415
5379805121,390434
7445000105,574447
7942601895,665716
1727850350,1011759
9407150310,318458
5569620550,763071
3179100480,521553
3624039111,234454
7844200050,345750
3304040020,379738
7739100155,724847
6099400053,175808
7468900270,205825
396100025,398652
1160000255,418757
6300000320,373977
6392000570,337351
7387500235,336056
1121000058,499951
9828702120,617794
7715800310,436144
8562740370,745595
5637500070,436229
5561400470,582143
1189000205,514435
2412100025,389427
1073100065,295275
5160300020,526939
2770601677,534575
5104450070,431432
820079043,413473
751000190,387569
1823049179,353972
7430200060,1346791
3331000035,566532
1775910370,533037
3626039299,528411
1546600125,635225
3260810150,318764
6817800330,313717
414100045,399367
1326039061,381933
4055700030,967908
1225069038,2363188
2296700260,453483
2822049160,223111
3395300260,525392
5144000036,358941
809002290,831122
7334501410,352107
421049114,185381
2623069010,897197
1133000144,487918
705710290,372166
7313200120,601927
1269200150,299666
9264930970,328491
6819100020,1785218
5112800421,316281
7846700850,289245
7227501450,253570
5451210150,694006
4140900140,448581
3537900180,847466
7738500475,472351
3541600450,435870
5379800040,293971
6664900330,286516
6056100312,336353
7766200013,542836
8651720470,469731
5690500095,833151
5423010180,788672
3204300610,528075
3425059066,545632
7856660130,1019941
2954400520,1122924
2327000110,955608
9526600340,696085
7695500200,454415
7237501180,1141019
2008000550,271486
1123059126,546855
1775500371,786810
3459900230,1794275
2619950310,448384
1771100330,351897
1321059097,367099
2420069278,313053
3832050570,289454
7132300525,449700
8691410700,750092
7967000150,355960
1328300810,332822
711000110,1316324
9485951460,420318
1771000970,342131
2817100900,279235
6817800630,390334
3558900450,466283
7215400770,353975
4222000320,193964
2791500270,276444
424069018,786333
9547205180,726791
5631500947,585110
1425059193,1174337
567000775,456713
3904900610,524131
3649100346,376512
1624049228,418291
1559900080,348808
2919702040,598922
4013800206,198488
1025039292,1063793
2771604640,660720
7203600550,238127
1545802830,250346
3303910010,656164
8617000060,882153
7889600190,255352
3325069064,487298
6300000337,470966
1172000150,348248
3348401319,363576
4188000490,846968
7779200355,568239
8029900110,392178
4060000290,264530
9475710040,396130
798000535,218143
6415100410,405961
4299700095,331797
6117500955,433939
2421039075,223822
3362401935,549639
1545800205,298142
7645900235,720813
4141000060,1111846
9485800050,648846
2436700280,806990
7335400400,228488
9294300495,727221
6649300190,440078
7950303270,402022
2391601010,399724
8129700728,653684
7871500685,656579
1498304065,555811
3862710010,447934
9209900335,607120
952006857,393006
2322069168,531741
1775801090,486675
5700002165,570598
4029400080,403887
7796100080,900758
9279700150,1656406
3876200060,409059
2934800025,303084
9359100101,957282
3330500335,377285
4027700466,352874
3204800430,423742
5415350770,764061
1443550020,483136
2810600022,358699
1238500281,440450
2591020140,464721
7137900960,224605
1328340630,313859
3529200190,332474
1624049291,813782
4083301120,687580
1873100060,678993
1773101159,294932
7214700350,493763
3856902250,623302
7169500130,523774
4038300010,398718
9578500810,462937
3345100184,368339
452001860,468717
7905200037,578401
9376301110,556409
873900240,296502
8682262400,447481
7227500910,192987
2392100090,493856
3221079050,425818
4307320280,381661
3211270170,485481
726059483,674057
424049043,694526
6865200140,634375
1155640050,398141
4139430250,1255765
818500100,198457
7999600180,166178
4099501215,816613
4046700140,370421
8857600490,205044
8677900120,493100
5379805253,207038
9211510410,240250
2337000150,279638
1423049029,278383
4036800580,476866
3942900010,365943
3438502715,392791
7625702441,468748
3905100610,457567
2218000335,481158
3034200516,359376
8024200625,417752
8564500020,336247
9550202700,460438
7518508625,572052
1822350070,371937
8921000040,753499
6648150090,1521577
2402100675,601083
42000127,258783
5100401160,506376
7347600507,242762
1839910300,353367
1250201550,874023
9460000010,287308
3356402232,216494
6819100150,691644
8645501330,253852
1556200005,886912
40000228,174452
7300410010,360060
4299000030,363972
2629600016,446974
662310900,370388
1909600046,522601
7893207490,197382
2524049318,1856930
924069210,754850
1591600527,305810
98000060,1253110
6392002020,611184
2719100400,576728
8018600655,429252
2141500020,430428
3277801580,468857
7237500110,1056703
626100023,526283
4319200820,347338
1422029138,500948
9517200610,366196
7334600280,298966
8820902400,561830
8944600060,533369
100100050,301766
8074200100,246824
1836980240,790123
6648500440,302948
9530100225,655487
2883200875,588626
4218400175,1035433
1022069183,599038
6398000171,484937
5021900160,685564
8078410250,584657
7972602490,319246
1962200435,933801
7221400285,243226
273900030,245568
2708450020,484143
4083306616,498518
3034200435,603112
7855000550,1314616
871000155,684205
8024201714,515584
2625069038,1192565
2324800350,834407
5450900010,1425050
1822039225,473038
2460700700,285281
6679001060,366946
2422059111,332430
1250200345,322858
5589300370,326375
2021201000,1551780
4302200336,278650
1328330290,364098
3438500781,368455
5453700020,672391
123039147,449626
8691310070,882482
6450303785,331947
114100234,447518
9212900820,514127
4270600025,303704
7201600190,470564
521049227,760478
6300500479,448387
1432600100,223673
1024000109,375202
1430800100,316348
9164100125,603539
1925069183,499027
7852160080,992850
5317100780,1492876
4083304835,691573
9478400080,806078
4463400195,224156
4232901525,595185
3845101070,416264
1843130980,306248
3810000480,303533
7137960440,295673
1231001115,439058
5101405340,513633
3723800409,607072
8651430370,218827
6135300010,237272
23520380,486003
2935400100,552311
6137500320,934132
7841300230,321793
3521069051,440361
2621400080,319932
5104530240,359103
2022069200,501639
5469501850,393260
9206950110,320931
3298300210,364282
2810600015,414055
7298050090,514869
7202290620,491225
3211290370,465213
1591600506,371299
2827100070,423437
2482410130,419712
4364200125,434817
6388910730,587357
7436500120,511825
1822059156,679884
9432750190,440832
2205700405,471671
6056111370,335649
3205500160,393543
6139100076,390334
723069135,404116
4123830070,318796
2472920740,449592
6134500220,607915
2734100395,263343
3574800090,436276
3126049107,463303
669000210,1064715
1139000620,294598
3825311190,680724
7300400320,395203
9407150250,288497
3679400503,304667
641900050,417790
9169100130,552069
8091800140,370538
9547201155,528755
4154302045,353440
6638900265,772474
1423069063,433560
3335000025,493612
9269200650,275764
1781500180,385340
9211500520,229633
1853080150,859546
2767704756,507120
2206700295,442322
2557000380,305039
11520200,737890
3832710680,227482
2569500210,315179
5230300210,253732
6447300225,1645583
5035300325,1121161
7853301660,777702
5411800250,387418
7203210170,702738
4302200415,358272
7942100290,227664
3629860160,836906
1423069076,598809
525049085,543982
3306200230,229067
2193310300,464784
7978800621,271692
4027700632,464514
1761100190,243829
2749600245,613362
322069141,454126
1900000035,185306
3361400190,188490
1604602050,626378
9421500160,483142
7788400180,290278
1566100625,488373
3861500340,239541
2524069072,423160
3013300980,441066
4191500130,558929
9407150130,304756
3904902500,688149
9510900140,256329
3368900084,342450
3432501415,304180
4254000540,460906
2767603250,579413
2923501130,611138
9183703045,271003
5279100675,409526
3905080310,542820
2461900375,682940
3346300356,610434
1865000110,363604
9264930400,296677
3447000100,597684
2313900510,537405
7518507330,574499
9368700270,225151
1137400420,391547
2023069054,276034
2141320230,667108
9536601295,325386
2424400130,388936
5210200081,440613
4443800785,561123
7292700005,560079
9834201205,303096
3275800050,272335
6926700654,718417
7511000140,1223719
6821101895,574743
8964800695,1148387
6821100195,652743
1226059105,681611
2806300070,1277018
1720069029,363393
6384300020,469340
8928100125,601682
8562770720,575858
8650300130,665146
2126059172,432882
8812401450,721068
6646200280,602235
4021100045,459454
1155620190,405192
6061000010,365258
3362400472,442200
9558020240,476146
7309100270,563058
7137950210,323223
7849200635,194558
1311200460,251765
284000095,1206359
1509700050,335652
3438503014,309120
9406450090,338515
5096300140,410820
8923600020,1347061
809001070,742674
2291400342,348833
644210020,821774
6700390090,278510
5631500285,745142
104560120,282797
6413100311,415927
2558700090,413004
1471590060,670847
8914100170,562088
5652601035,380131
7852120140,742271
6163900952,360438
5215200050,880953
6352600490,770497
3912000020,537564
8830400135,238756
5467500040,409249
9406570300,427928
109200390,209897
2025770310,790952
1939120450,624715
7524900003,2847846
3755000120,338471
2473002850,528374
7625703945,424250
9477000190,458699
1727500230,420908
7011201087,503682
5561300750,476025
3969300030,213252
8097000330,325648
2025049064,808822
985001321,229960
1775500050,435839
8849300160,321974
2316400285,486801
2423020180,578974
7128300500,503462
9512501400,402695
7200179,193438
5490210670,497728
9527000330,558232
1972200326,632627
4151800195,598665
4046500320,362769
9834200885,491874
8161020050,500061
2891000750,224870
3426049031,1279902
7387500195,283928
6303400395,137335
638100015,484871
4107100204,2078473
537000255,221945
985001266,272338
1137410040,439580
7229900250,268332
3905100840,503252
8100400160,629104
1346300150,2960537
1443501020,251041
5490700035,356641
1954600050,432703
8122100690,479531
3663000070,502276
5101406375,452925
426059055,667560
9268850160,377882
8731800840,242001
3331001910,380065
7603100020,1109020
809002705,753445
4364200075,350229
1113000430,190165
1176001117,673222
3320000212,436119
9286000150,1382564
301400830,262542
425059024,618791
8835350300,487264
7100000135,295264
7696600240,217635
9808640320,941158
3764500180,595502
326049060,612718
4017110200,450991
7224500300,282251
1560930050,519912
726059395,417192
8964800890,2279580
4045500620,695529
8562710250,1001522
1775800710,380262
9528102865,727139
8096000060,649891
1591000015,301759
2310000430,285256
3902300350,641695
4068300280,270887
8732130730,257123
6791100410,534069
7660100236,436221
2568200070,840712
7697870310,268557
8562901100,649086
4016800120,305773
7338200180,571102
6791400320,273398
616000200,419453
2917200675,485332
2926049086,609588
3621059048,471042
7987401095,720772
5589900590,352570
855700170,514963
4030500130,305810
1755700060,424261
2413900050,628792
2489200250,415426
420000085,263888
8106300820,474813
8651730580,422374
8106300090,436525
9842300095,479799
9477000280,430481
2877102495,462856
868001030,985025
8564860110,520263
6762700452,556288
3294700310,223933
7231501665,231523
7525900050,467162
7882600326,1499743
104550690,287074
3425059076,1176116
8835770170,1694148
2581300010,996294
844000180,264441
7888100240,233554
3845100670,479336
4027700812,461123
291310390,407841
9550200370,685984
2328800130,279629
2372800100,269691
2923039264,634616
9282801720,305733
9520900230,661430
985000955,239748
1099600090,221675
9211010320,520908
3825310820,745078
9545240180,549179
87000245,178289
5041300100,618821
3624039150,271309
1370804430,523050
722079056,430730
9126100815,530272
1770000490,354179
3995700250,409478
7214820400,411348
2473411130,346654
1824059079,974998
3080000030,448110
984200540,316012
524059063,1719582
9482700475,814866
8024200820,507057
8568700015,372969
1223089050,378954
2205500400,455537
1279300085,647316
7376300085,468289
322069020,393417
291310150,390810
724069059,1771513
5255200220,424629
1931300850,582878
4427100105,407916
2881700231,363832
8641500280,282488
5406500440,633012
8078390150,727108
8945300090,210297
8819901030,738680
3179100220,854375
2126079046,345673
2621750350,308305
4014400190,451044
7853420110,604429
2114700368,302866
3438501081,279869
6850700670,787393
3352402272,268868
4157600150,560403
8151600941,318616
5160300030,536072
3820350120,339320
7338000800,184627
3359500110,781186
8016300240,569488
7203120050,797758
3322049201,255243
7231502505,236309
8106100105,3534080
3895100039,873001
1001200035,235008
2724201202,220813
4038100110,530149
8827900015,619610
2644900109,379532
302000375,237685
1604600095,434096
2600040160,700646
2129700525,277691
603000555,368971
4083302225,880936
7298000090,436091
2484700015,597247
8945100320,208106
5112800042,442807
8091411100,289317
7375100070,452544
7577700061,533182
7923700030,440845
4235400186,424499
1498303700,708575
3876312350,400149
3797001815,520783
868002015,1410349
597000550,420832
8956200530,450172
2207100165,484062
7942100180,243591
2468800040,321790
9842300036,434197
5700003985,1736941
2988000070,366565
8857320260,553024
2600040130,626569
6632900452,593732
7518505910,571821
1672000170,623791
2597800010,607325
8562790720,808726
4219401080,1995233
7000100711,734065
7954000125,563056
5700003640,1855600
5700000275,719241
4019301205,468755
8943600360,289755
2954400400,1212540
1321400060,258269
2255500123,675417
2781260070,436603
1313000220,698918
1125069153,1380768
8899000310,261106
4139450360,883919
5511600315,583122
3575302575,525819
3226049054,458484
274100090,319558
1545802080,246934
6669020500,299029
3307700405,552265
3760500407,1561283
7853270100,681378
9320350020,537266
7715800430,454320
6791400100,377737
7708000010,415884
1448800010,295588
1782500035,325837
3449500050,558220
2856100515,835422
1245000461,886263
1219000043,351944
5409800110,376900
2680700010,659148
8143100350,393210
2597150270,287721
2966800010,351761
8854000010,705192
2207200635,471137
1722059222,343195
9358002305,381393
6392001950,530989
3630080070,418462
3797001702,976985
8127700440,692945
1446400785,248821
5016002275,858990
2818100060,1357036
6431000748,416161
7972600450,306437
8078570380,305859
7889601320,182250
1762600280,936530
3026059085,1247187
3475000080,623358
1370802620,605043
5151600285,295655
2722049218,330654
7696300080,372263
4168100020,226656
1474000050,451368
2473480350,325631
1139600270,282375
6699940120,395223
7016100120,416246
6752510010,720653
7915100490,694356
984210170,293440
6159400030,453199
3013300968,435452
6404600006,229883
2770602170,394213
1922059401,221935
291300010,391132
3856905185,543632
7304300905,301848
3416600185,610485
1786810040,669170
4354700010,391259
3902100175,860995
4305600360,486143
3622069114,611021
4376700570,628469
6795100589,575961
3344500085,452760
2206500105,436212
8731900880,383361
1682000160,202917
5104200380,298001
1982201595,615364
795002190,233749
7228500375,535901
9412200280,441326
5071401000,806062
597000566,350422
8151600101,167001
2028700265,574068
1670400090,139733
7851980100,1096844
5595900345,436931
4046700300,376637
4324210120,287450
2616800050,552974
1525079069,668176
9828201020,621709
2723069146,660470
9468200100,627739
2883200961,517300
1137300690,677781
2473100280,330432
723049448,233496
3066410810,620844
5700003280,844771
9268200440,422538
4053200410,269174
1234000704,1194099
2473372170,421373
2523039239,247008
4324500490,198828
238000244,431904
1105000571,388841
1771000430,323891
666000142,857296
3389900800,459648
3578700017,544891
3629970190,749838
255450250,328328
1154100205,302347
3629890190,1041188
3905080870,572917
8155820110,313837
5135000170,776021
2464400435,578643
9482700080,622768
318900080,449751
9477001410,395125
825079019,670187
1471701200,401714
5606000120,826117
7853350220,658657
1776460110,418311
3904920980,665487
8087800430,585370
3298200320,392346
9122500080,266511
7893804845,337726
1370803730,533854
8001450170,289210
5561400260,560070
7308600010,719340
3524039060,326856
7300400150,352018
207700050,543265
5595900355,233500
2652500285,802294
6744701310,2359974
525069127,1252296
3334000050,412807
8682220390,733455
4038700380,599404
8073000265,436519
9521100960,789263
5634500688,799436
6813600440,417807
1072010350,506341
7853301700,660986
5141000571,301475
2013802060,594098
7852070210,1330564
1402970070,314449
2310040020,371594
646910560,272467
6647400090,434334
8682231110,586297
4376700330,633775
8069000075,873210
7147600220,223363
4142450330,265564
5101404698,485838
6154500070,941838
1592000640,600994
3756900027,536388
7203220130,903995
643300010,520924
8651720150,449190
4139400910,737211
5054800110,334832
8835200330,415174
7682200340,278281
7203600745,449410
1895000260,238560
7922750020,553304
5437200050,427663
8732160250,277275
1442870440,508488
1471700410,393002
3204800330,406036
1923000160,843325
2719100013,413881
3814900380,413417
326049038,474009
1068000110,954307
8835800010,947092
1560920200,466755
1668500090,629045
2597530070,863617
1139000035,539067
8032700072,577379
7732300390,676784
5130000080,480393
9276200890,443354
342000036,502403
5126300060,501366
2331300505,666539
8651410090,181985
200800330,424798
7520000616,295152
7170200110,514327
3021059155,207820
3582900280,1087489
7340600845,233704
3905040060,542589
3224800120,312655
6021503740,492259
2570300130,434424
8121100395,463324
3356404198,302667
3630090050,713099
923000413,434201
9201300020,1394427
1777600210,650078
7738500731,5106339
686900010,942373
7967000160,349866
3413700130,617774
7852190290,580030
1180007375,571318
3353404510,260255
7802900380,341233
8021700715,557040
3205100080,483763
4477000290,496340
1118001645,1539480
7979900806,345123
7228500415,648783
7212660640,306586
3826000735,190976
7714000250,430225
4400200057,714014
2487200279,564817
7140700690,278334
3304300080,557570
2887950110,255253
3760500222,725607
9269200786,362413
3734900110,259258
5045700400,533150
2140950130,452641
2612000200,385115
8563300085,417478
2425059173,674337
8091410930,299293
9422400035,625168
1112000100,616163
1323089056,401605
5015000596,768654
1535204165,552968
1438000430,512293
3222059130,468574
1982200330,604481
6624010010,211981
2303900035,4726682
259600620,514682
6072500490,509733
123039633,314260
8562780090,368390
5249802240,590981
6071200400,534131
826069002,291197
2625079030,622075
6742700210,1237798
9253900408,1762664
2560803085,222625
1237500540,334262
425069020,956240
9185700440,2453447
8656300345,378897
4245400045,273398
9834201370,447848
7853300770,410362
9551201295,530549
898000220,227563
3834000720,362385
1245500690,695287
4083304190,688132
4178300080,775506
2960900045,478205
1446801030,276573
7855800910,696718
7853310150,674337
8732131090,299531
7967600285,447457
8651520510,560596
5379802650,237487
1425059174,459634
627300105,880651
3124089049,388146
1778350270,704158
8691500410,338309
9169600043,504810
100300500,315696
3221069054,720764
4443800385,560879
7922710450,698769
7880020030,655416
3288020050,346734
4136980090,831789
1687000240,282225
7812801785,230873
1126059144,666717
792500260,408424
3222049055,602412
8635750090,644473
2767601280,840543
5347200162,249725
7503800210,267938
3394100020,1259058
7663700783,450325
9454200030,433576
3791500050,295320
582000185,610665
3211230260,373761
323059103,403510
7297700055,329253
1545805460,251492
2341800195,317236
6648700150,292533
3860900035,1488970
1980200236,517643
1180002745,290553
3275890310,693212
6840701100,583352
8651402750,207778
1588600045,406618
2422029094,348778
1702901500,331257
3755100005,472317
3624039074,332401
7950302995,471917
5273200060,637810
8025700460,267274
280610020,1094307
3333002450,391017
7379600240,539359
4058802300,318515
302000065,198574
9527000180,520185
3626039403,372907
9510900360,260448
2310040230,400215
7308900490,582109
2206900065,366347
324059161,878136
7345310100,237976
2422049107,351282
8146100095,739110
87000283,344633
7937600010,301874
2618300350,240055
224069102,515139
7129302095,221552
7352200025,1005481
6163900333,348598
3528960020,670860
1687000220,283261
4141400030,575274
1822500160,322326
5467910190,349878
9331800580,328011
2407000405,211124
5466700290,269777
3026059361,474660
1523069096,474231
3876312010,437530
8832900135,742023
9238900616,573777
4142450040,292287
9282800065,353735
5379800862,302728
2459950010,297184
4435000520,249099
1552800010,304582
7549800543,306474
9828200460,476845
6345000160,943448
7129304105,403299
4302201005,352262
2450500110,683898
5166700050,544067
1085623710,392171
1123049129,284105
8566100200,868451
1774000780,438202
9492500170,860955
686530530,569656
4022907770,585641
6052400975,281214
3438502501,499852
3758900023,1193185
1645000580,265051
8099200030,229484
7635801371,485644
3456000310,791153
2025059150,1003403
2624039114,528128
3348401095,302119
6633900170,532446
2600000510,710803
9414700020,329402
3204800520,383158
1844500025,375558
4137010590,424351
8564950280,522438
1338800491,915048
4058801702,898878
461004720,567485
3123059107,626849
6819100380,604449
1193000390,1006909
3450300270,332534
3110800040,265696
1437910090,572701
3645500050,443605
4338800600,257270
2114700530,392110
6381500450,385198
9206950200,283864
4232900940,748716
1025049174,1101536
7774200070,623588
1231000310,516892
8155870200,319626
7935000625,1154850
2426049079,317317
4037500230,560147
2331550120,331132
7974200765,506493
686200510,642722
4024100670,474701
3834500195,472270
3526059115,563998
7950304075,360981
1386800054,316181
9834200165,593090
6147650300,313517
6891800360,556663
9170500060,594094
65000260,801203
7784400130,604365
7941140070,374537
2122049096,203345
6003000851,370551
7203220050,938344
8898700960,295428
5245600105,201602
3530470190,203557
7883603965,352770
4022902505,519624
3211100240,387079
5119010090,519546
3821000100,249286
7301300050,448054
2171400197,395149
9471201175,1503304
2473450200,411347
2258500045,498268
1139000400,507109
3298701025,247980
1498302774,297102
9276200190,615564
2909300240,699052
1250200693,591017
3101500010,305429
2557000630,260806
1324300091,519726
2826049260,416582
3342100421,658827
3524049083,420213
9103000393,1421481
3121059033,270351
7853240200,648880
7950700120,286574
1822059057,145868
1219000473,323230
9272201385,664952
1336800185,1127525
9268851630,434830
2788400315,261890
3529000930,552730
5631500967,425490
2188201010,248842
8562970040,711417
4415600030,395688
2473251170,286077
7511200020,559990
1163400020,249522
5412400180,246889
255450400,365684
1687000210,288104
6749700004,346563
2738650030,583102
9136100420,617420
1924069115,797986
714000155,543145
904000045,652767
3395070640,334819
6308000010,643501
2695600130,386021
3626039279,360204
1623089039,249892
3438501327,348327
8118600025,396500
7625703435,877373
1807900300,631406
1862900360,312924
2768100186,494227
2524059269,980290
1126059108,950238
7856610130,830367
7203000200,246770
3630120700,783504
1612500090,252931
3586500620,907016
5207200360,407970
6675500035,404570
1781500385,347867
1150900080,816208
9541600355,806305
7525530670,746991
844000375,334948
9578140180,344370
9558041130,354640
1788800910,196565
9550200225,535986
8643200055,247646
6143000020,247102
8941100095,1105483
3630010020,453071
2895800610,344151
822039084,786537
5423600080,526969
3992700775,491961
3816700150,437992
4083302485,741993
5127000810,367970
1725059182,1122104
9485930120,375317
293850040,589813
8731981940,322982
3330501545,333557
1026069061,707352
8121200710,502390
3764390100,475176
9493200010,337441
2902201301,701675
3444120130,434435
5256500025,454101
4022902715,509448
871001500,726734
2329700440,191052
1773100275,231803
7852160070,1020060
2141330560,587282
2505500009,721096
8647800150,318947
4337000200,235242
9264901680,242198
1773101050,324050
9320990120,371742
8856960280,348105
5589300585,299424
7935000595,902604
7203150080,692482
5616000030,372151
825059178,3365941
6666830390,796128
8732900840,663610
2095800520,497227
1771000760,336999
1901600090,371034
8857600680,227575
4038700830,578401
8956200070,466581
8081500050,1753521
567000755,439346
424069264,716167
1564000410,803528
2817100910,359893
3303960080,827477
3340401535,164802
1622059095,286602
3278601940,394990
7202380120,493697
745500010,848914
6608500220,343366
8024201055,388826
8929000140,446214
859000160,379481
8673400061,499683
1269200229,993436
6705850300,757241
3395040550,303421
1697000370,235037
5245600120,239982
8892900180,225536
1794500360,818562
2025049192,584552
1930301325,891094
4217402162,1300231
8126300410,531757
3345700215,651797
2887701420,462339
2887701251,428247
4036100175,659636
6762700515,891893
3192000085,194119
226059096,1238870
9238900855,568757
6706200130,316511
2744000010,286927
7202271060,688332
7923200150,512521
162500030,299122
2571910210,263152
1523059105,327958
6052401215,238082
6626100260,731760
8925100115,1254130
5459500165,641276
7686202635,198920
1118001370,1342242
122029066,376501
8039900130,342742
3262300235,1111814
8860500300,363566
8956000250,504697
1646501920,539492
9284801500,453717
1442880380,496874
1311500020,266665
254000695,358660
9477101280,406264
9510970530,700596
6891800500,563156
9407000230,300697
7202340590,707538
8151600590,344230
9407001600,285324
1771000690,328136
1525069134,990338
8645540040,314659
9414500200,445793
7883607645,242484
3845100140,335679
2726049164,463866
4340610040,338232
1245003006,1148312
1105000373,292729
6083000123,185528
1777600450,602728
9558000100,415197
2473002060,328091
943100689,293340
7544800395,467906
1931300090,686503
7936000252,615328
7987400316,299187
5152700060,606324
1721801025,221163
3438501450,346396
9222400510,476935
1796700160,273471
323059208,383883
3392100050,194392
4038500210,703456
6324000090,427403
7549802535,412464
3343900326,497780
5701700640,859023
5249803185,602342
8838900032,796065
1237500577,866915
8642600090,306825
3303100075,483366
2133020020,390727
7950302890,504944
2770601734,782932
2538410140,369316
8159600360,648694
917000300,476047
2391600330,374804
9285800585,485668
2005950050,242898
6450301835,370079
2473480520,332562
2818600010,1264428
952006728,370339
3422049088,306705
3629870420,1005858
1079350090,328491
1509500060,386917
4039000050,507459
5288200230,701319
626400020,751262
5457300095,1661941
5000500055,230304
324000530,500367
6713100031,410336
3316500200,499325
3124059006,1532836
1125079111,1535346
7852020300,521423
123039364,227449
7883603190,332311
9828700900,692520
6821100015,629427
9522100375,732723
2420069201,255250
7504110330,721283
475000510,578123
2425059074,803546
7518503685,564075
5466400550,222655
7852150720,431294
3066400140,604116
3298400470,511787
2902200874,717639
9500900110,206724
8835200160,353930
6056100295,289962
1858600042,320722
7224500010,318869
5457801925,809464
7575620750,285344
2391600735,505522
6192400180,786630
5249803870,555177
3575302880,454559
7225000045,191073
5561720180,290375
1972200428,589962
892000025,204711
2944510080,302191
2428100100,816440
6647400250,469609
121059038,374413
6398000191,571192
526059103,312523
8856960720,339325
3832500260,266712
1623089025,442693
3625710080,1115708
6446200060,691088
5706200370,467190
5515600088,243459
8029500360,349209
6700390150,271166
642500080,383124
6150700264,389431
2473371780,402114
3905120540,625269
2652501215,779441
3176100110,797771
7574910650,763232
6385800030,283348
4443800960,521349
8731951490,282563
3380900125,369439
9828701508,729599
6699950310,413665
3321049112,408822
1824079052,985715
8032700140,926186
8679600150,511193
5040800120,868401
2026059119,412440
4024100951,391893
7212650990,334812
936000060,371329
6181500340,329598
1137400050,410037
3324079092,486282
4268200055,299685
6145602240,404543
475000176,472588
3279000120,247693
9392200030,254687
3438500714,345659
4306500070,355904
8588000610,195835
792500190,352308
2461900850,427783
2660500365,338477
5451210100,745427
2787000040,253691
3278602670,248396
9528100899,589357
1324079085,321562
9477001140,417445
9521100880,790418
7853210060,435176
1326069094,438443
3420069065,358447
5468730280,265984
5437600140,348655
5127000410,373437
5445300050,597491
3375300360,236860
9297800165,547121
6021500840,574047
4323700230,421660
643000110,264159
8043700105,2687822
6824100014,433553
9542830480,315228
736100065,1068557
2592210510,835762
4233600260,1078847
1266200015,840335
2787700060,359484
8843900396,378671
8029500380,295616
5292200010,477545
1773100980,354740
2886200070,606034
8594400110,313073
9268850180,340111
4141800285,1581128
3188100007,467403
1796380960,297654
7202330030,509090
8078440140,573937
7983200060,209751
4427100025,419958
2113700510,326981
6446200305,625978
3425079088,533304
3304040130,353029
3222069153,295258
5127000470,404418
7525100520,442422
1868902745,790942
2920700220,336581
1105000780,415043
8563080020,872048
3630090110,746851
856000195,2151231
8649401000,249549
1315300095,759835
6802200670,250922
1523069022,327156
2624049165,508585
1972202080,565014
7211340030,224658
8850000180,465526
2787250080,475672
4235401055,514300
5226500250,494330
3294700421,335523
322069180,664105
1025059186,505144
1923039022,562690
1402600110,422465
6817810190,420498
434000030,664719
6056110460,613814
4337000285,268813
5710610250,613001
1049010620,231788
5112800234,363874
2309000060,546083
2985800030,437348
1604601570,475403
1563102435,804967
257000105,179163
6788201440,744236
1442300005,394219
4055700784,833426
3889100029,765304
4139450760,988560
6079500230,677394
259601010,424258
3980300020,345352
9390700100,611437
7200001005,454179
9264920250,284250
8682260470,478749
4083303815,871118
7383450250,365555
253600180,428654
1450000210,201856
1133000100,430642
7511000050,1077281
5710600030,642611
4178300310,745543
3041700570,545408
1238500978,390520
431500155,590226
2937300050,938616
1352300315,203187
3277800823,357127
8895800110,1082511
9274200318,561400
1118001805,2306438
629810720,793308
6852700476,678464
7345200650,231485
8929000290,453869
5506500170,636033
8899000140,248856
4006000423,288450
7137910140,236660
2423020010,397660
40000362,147266
1657000070,227589
2124700015,283956
1887500045,275125
6838000170,448380
1310910290,275184
3599600276,197841
8142000080,394070
8856971000,289484
624100950,731560
2767704332,512301
405100165,426695
6117501755,401543
8961950410,317507
1523550480,605466
6840701160,643948
3331500650,303653
1862400517,398090
9558021000,383787
1310800090,195455
5104511040,318796
522059189,240106
3448720020,395096
1310700330,269840
5649600462,373619
1853000510,966294
8128700005,312303
6352600210,804561
3754500010,769777
1962200475,883847
1773100765,229972
8895800200,930474
1310900260,276830
809001525,899074
2624049103,291213
9191200380,625783
6600060120,478165
8150100045,276412
9558010190,373565
4038700930,569237
2883200775,535970
4036800910,486637
8673400177,558338
7110000068,921651
3279000240,240756
9545230280,528132
8815400105,612100
6738700075,1009499
8732030490,283238
9532000070,584921
7752400075,514429
3824100051,355420
2768000270,590771
108000127,545311
844000225,305343
6817850040,943602
4447300137,875975
8598900125,364473
5072410070,449071
7129300520,238955
3830210020,188872
4137040250,329783
3022079080,641070
722039087,197595
3924500040,642143
2473381090,331223
2201500490,369962
9265410090,215893
9286750100,390563
2023700040,764455
324000280,662115
3814800280,343568
7697100030,474640
8731900790,300212
8044700010,580506
6123600100,206046
1450100390,193717
579000550,447218
2459000020,304646
5016000315,472735
1193000190,776047
4038700730,571382
1556200265,743855
6600410170,216714
642800130,706075
1043000100,378650
7809200055,262576
7010700308,1078486
8680500090,530650
2719100355,623395
7905200147,519654
271200130,227678
326049103,540918
8682211030,428149
1070000390,1205920
8648700450,613096
2695600410,498875
8562710640,1001123
1525200060,624513
1822039138,825751
2767601375,542901
3425069117,1370871
952004570,311075
7625702616,340239
9818700430,500785
2822059091,248288
1775900220,363718
6371000079,737815
293760150,905377
1336800880,1274420
2771600550,1149436
3905040040,513494
7787110060,440927
7708250040,357616
4022901316,493412
191100235,970868
7852050220,336536
3293700480,400709
2597450620,1292911
6169900580,1359188
2767602855,755031
810000080,909713
6392000625,530201
1865810290,205420
1568100380,361661
5249804760,431708
1337801060,836591
6181410950,256042
9264900660,309719
9122001231,574530
4427100030,375717
7334400070,345927
425079001,543070
7436500360,522923
1245001295,747166
1310500550,270622
4047200950,249308
9103000455,834316
2291400341,349681
3876100310,382433
7131300031,271206
7853380510,662372
7409700215,600638
5248800250,389799
126039323,409571
6632300207,362728
3826501060,265563
8024202520,430214
3343901401,512546
6431000005,610876
9232900075,366187
3056700150,225725
5104511250,462796
3658700510,674707
2895110062,293886
7454000990,253855
4038700680,606806
7811220070,587403
8091670030,427784
3438503045,269605
6388900710,511801
7956300020,186323
1775930440,486886
1762600190,988815
6600400260,230415
8728550150,626876
8155500110,586180
9169600135,477028
1777600490,648897
125059179,544165
7558700030,4323959
1702900624,357318
3343901403,520566
5101400994,314701
5547500050,284536
1705400350,375707
629810800,877110
4104900150,599420
7888000390,178501
4140900270,374979
6649900030,408083
820000012,475745
6151800080,348376
7454001060,239843
8682262330,421988
1566100010,389832
1180500070,414629
1112630130,378792
3101500090,386744
8682310220,689022
4032500035,508170
1623800440,557722
1088400190,245536
751000080,385622
6675500070,382435
2193340140,486888
522049074,399164
3204500340,270177
5104200470,425256
7517500611,745148
2946002140,308731
7631800110,1052516
3529300330,327957
3885801970,615913
5456000570,1017291
4123810090,396802
4037000635,509521
8079030350,473060
1726069060,609018
6858700225,233166
3356406510,230888
5423030040,568809
3111300040,417566
259800060,475608
1972202320,497754
5100403818,413125
1422700040,220892
3625049014,2475729
7852011040,617630
1201500010,655888
7195800009,311043
9407001320,299216
9508850100,621120
1328340380,304913
3885804305,889990
7128300630,563519
7574000080,412236
3744000150,471924
2607720150,500787
7203190110,675388
3904902430,679007
11501160,753729
9209900315,569712
9465910030,535754
3622069103,685445
3288301010,471963
4395600060,883789
7694200380,348012
9552700550,683761
9264921110,274941
6738700225,1082592
293620220,796523
7525300310,593936
3992700036,455084
3577300040,439892
3812400202,185750
2402100055,694829
1853080790,849898
1994200260,568358
1339300025,832367
7616200050,493837
4022902555,587610
9528102110,653720
6613001241,1709982
3205400240,350867
6065300840,1562138
7852040080,511748
1920079039,261453
2817910030,391031
1563102880,725309
8561200110,586475
629000605,1215453
2781270440,257472
6152900273,326136
3303950130,405236
6411600113,348189
4055700167,926795
291310310,562652
9523100550,902721
724069070,1007913
2408800120,407776
7559600200,611899
8165500790,369024
7856620870,799881
1588600040,354214
1023059246,475423
1938000140,724206
6061400160,384872
4167300350,243365
8649400790,312580
173000036,370316
225039049,596200
8043700300,2584343
3834000400,396875
4054530260,1687308
8724300010,606555
9358002232,424267
3298700012,273997
1125059071,941458
3885805300,424358
5315100784,1082291
3861400030,946592
7202340010,636552
7272001805,304191
2781250230,336096
1042700300,864614
123039279,182920
3760500336,1411795
6979940100,831444
686300880,611059
5214500690,425185
6021502250,592749
1320069223,325323
2871000300,783308
2724069117,436829
1159400220,739889
2571900380,256249
5528600050,446855
7686202730,165759
2225059118,858250
2558630350,476978
3655400060,429569
9558200080,316390
1796100015,568291
3378900020,430295
5416500040,317284
8856004582,190194
3812400107,454224
6126601445,533397
2997800021,549849
1211000280,383547
766800090,247600
3224079005,336017
619000100,379501
4319200620,328756
626059335,497866
3340401570,358062
7015200800,628720
8106300510,465347
1446110020,422639
2872900280,668781
8965500320,716601
7853300070,496842
5652601455,665679
7579200915,1037668
2641400160,374321
203900460,406865
2998800040,602240
7519000170,562293
923000425,796478
2973800030,206210
6430500182,942953
7304301010,366553
3861470110,2153313
2296500136,802373
6790950150,659387
8123100045,496472
3142600130,672414
7137970130,312536
8656800190,369752
7135300046,285423
3629960680,484605
1133000385,609116
1085621960,323951
9542802000,220233
8151600973,604825
7019000050,392951
6021501920,628216
7399300420,230842
7548300731,599530
5316100220,1203217
5152600090,295356
1703400470,424115
7316400070,315354
5561300380,487652
2215450100,332135
8635750330,602149
9492500140,878141
5315100393,658263
8588000315,215686
7524200180,257426
4235400255,417007
326069131,613410
4077800026,915880
9477000120,364985
5608000590,1029197
4137050130,292194
5249801440,415012
9264901510,261362
5437820250,206225
200500410,466735
9407111100,285716
126039252,417631
6141100255,421296
3013300830,420496
3271300955,843321
3021059276,247618
9542000050,627276
2769600035,834069
3824100364,437326
1726069202,381389
7327500270,380820
1189000207,510448
2472950160,264870
9558040050,558987
3438503120,330725
9407150240,279948
1370804295,653704
5700001100,619336
6837820030,433535
5411600210,744327
5061300030,235236
525069133,909769
2121000250,342803
3179100720,629921
2780700050,426350
1545805820,263747
5702380630,255717
9211010260,527342
7129300595,289550
6802200100,251535
3304030140,407411
2623039019,1146293
104500730,216039
2924069132,680593
1775500310,630724
8114000040,324937
2011400021,379338
7525570020,638338
2917200615,428162
7697000170,290063
7871500070,785205
7215722010,527636
6300000378,468049
7159200005,2240281
8946410040,399375
3893100327,393629
635000009,970197
2322069116,514627
2760200050,398267
3432500210,325033
5700000245,625211
7588700177,298255
9178600135,734129
9830200475,417143
8562780160,389436
9826701665,514292
7504010900,594806
2770606915,554489
1254200075,630324
2473450430,413725
1433290010,418554
7586200061,384907
6841700070,580842
9826701320,519223
8943600720,306262
6791900260,798328
2301400640,732907
7979900210,372964
4037200665,429569
984000650,309697
2937300060,881164
8731982190,277143
1445200190,272159
952003285,734191
1402970020,367282
2487700274,471345
8113101670,442962
8682300400,689401
809002435,722430
4045900147,608444
2991000400,293482
9456200405,206072
5104510370,271755
9414610240,506586
2111010760,364152
1854900430,704560
2624300080,762724
3645100280,477307
1433100010,249742
9533600100,1075111
6743700030,484802
9294300070,691307
2114700540,250746
7853280550,703411
868000175,621055
1446401290,234250
9109000050,326508
8856004327,242419
2329800110,257770
3031200230,381357
7582700075,1519434
2422049104,193915
9274202885,568381
1770000090,404787
9500900430,222266
7305900082,387519
3336000170,386491
5680000455,696562
9808630210,905358
8807810110,448571
3824100211,419134
3423059153,564521
3937900120,502396
524059323,923633
4305600250,556462
1257201375,567939
853600150,1213894
2424059174,1595978
5205000400,287938
2658000115,205792
3055800020,269301
357000025,623096
5666300010,346795
4167700210,246079
9187200275,714969
2960900040,406406
1021049022,223244
7750500120,240286
7153200160,1147005
4406000390,270555
629800380,1213201
2026049125,355983
6117502230,1824509
3379100130,459515
2472920140,411288
7214720075,606794
1771110070,319368
5127001600,321548
6666860210,350216
5467200055,347691
7819000040,351963
3790700070,297588
6362900138,341150
597000593,360251
8032700070,709434
9301300215,1135607
8902500118,412433
6607000095,362585
2163900081,791932
7732500270,686878
3856903515,609098
2557000400,269298
4386700135,1842525
7399000360,305288
